segment_id,PC1,PC2,PC3,PC4,PC5,PC6,PC7,PC8,PC9,PC10,PC11,PC12,PC13
0,-1.7352018265589735,-0.17429749199488448,-0.3491861277093959,-0.1353270242420685,-0.13618432451154014,-0.010428498932272866,0.022154981388849904,0.07586828378436272,-0.008580509212651072,-0.2067692522591217,-0.0858691006616755,-0.001355027126004819,0.08877288504286159
1,-1.7352018265589655,-0.1742974919948682,-0.34918612770940677,-0.13532702424207071,-0.1361843245115424,-0.010428498932273428,0.02215498138885252,0.07586828378436436,-0.008580509212647622,-0.20676925225912435,-0.08586910066166746,-0.0013550271260056718,0.08877288504286432
2,-1.7352018265589664,-0.17429749199486874,-0.3491861277094095,-0.13532702424207338,-0.1361843245115417,-0.010428498932274618,0.022154981388850158,0.07586828378436145,-0.008580509212645108,-0.2067692522591242,-0.08586910066166799,-0.0013550271259989942,0.08877288504286572
3,-1.7352018265589588,-0.1742974919948639,-0.34918612770939916,-0.1353270242420752,-0.13618432451153925,-0.010428498932275819,0.022154981388854945,0.0758682837843623,-0.008580509212651062,-0.2067692522591197,-0.08586910066166356,-0.0013550271259961941,0.08877288504286622
4,-1.7352018265589622,-0.17429749199486572,-0.3491861277094059,-0.1353270242420725,-0.1361843245115402,-0.01042849893227382,0.022154981388854127,0.07586828378436326,-0.008580509212648543,-0.20676925225912413,-0.08586910066166922,-0.0013550271260055352,0.08877288504286542
5,-1.7352018265589686,-0.17429749199485922,-0.34918612770940155,-0.1353270242420747,-0.13618432451153772,-0.010428498932278206,0.022154981388840596,0.07586828378437946,-0.008580509212643321,-0.20676925225912426,-0.08586910066166593,-0.001355027126004166,0.08877288504285895
6,-1.73520182655897,-0.17429749199487007,-0.34918612770939883,-0.1353270242420662,-0.13618432451154028,-0.010428498932274433,0.022154981388846515,0.07586828378436639,-0.008580509212647304,-0.20676925225912118,-0.08586910066166804,-0.0013550271260054578,0.08877288504286635
7,-1.7352018265589588,-0.17429749199486944,-0.34918612770940416,-0.13532702424207002,-0.136184324511542,-0.010428498932273088,0.022154981388853863,0.07586828378436448,-0.00858050921264969,-0.20676925225912665,-0.08586910066167006,-0.0013550271260045904,0.08877288504286657
8,-1.7352018265589637,-0.17429749199486538,-0.3491861277094078,-0.13532702424206855,-0.13618432451153653,-0.010428498932276355,0.022154981388852656,0.07586828378436533,-0.008580509212649112,-0.2067692522591253,-0.08586910066167033,-0.0013550271260033074,0.08877288504286575
9,-1.735201826558956,-0.17429749199486314,-0.34918612770940705,-0.13532702424206944,-0.13618432451154097,-0.010428498932268207,0.022154981388853842,0.07586828378436337,-0.008580509212649894,-0.20676925225912915,-0.08586910066166258,-0.0013550271260011721,0.0887728850428673
10,-1.7352018265589528,-0.17429749199486733,-0.34918612770940854,-0.13532702424207668,-0.13618432451154605,-0.010428498932277663,0.022154981388850564,0.07586828378435861,-0.008580509212646399,-0.20676925225912454,-0.0858691006616662,-0.0013550271260048836,0.08877288504286561
11,-1.7352018265589702,-0.17429749199486616,-0.34918612770940344,-0.13532702424207183,-0.13618432451155052,-0.010428498932278511,0.022154981388851764,0.0758682837843652,-0.008580509212645195,-0.20676925225912451,-0.08586910066166951,-0.0013550271260028448,0.088772885042867
12,-1.7352018265589715,-0.17429749199487699,-0.34918612770940133,-0.13532702424206888,-0.13618432451154058,-0.010428498932278684,0.022154981388855972,0.07586828378436326,-0.008580509212650422,-0.2067692522591229,-0.08586910066167212,-0.001355027126005698,0.08877288504286746
13,-1.7352018265589653,-0.17429749199486913,-0.34918612770940766,-0.13532702424207277,-0.136184324511539,-0.010428498932276197,0.02215498138885451,0.07586828378436267,-0.008580509212647325,-0.20676925225912654,-0.08586910066167101,-0.0013550271260008323,0.08877288504286376
14,-1.735201826558964,-0.17429749199487446,-0.3491861277094041,-0.13532702424207116,-0.13618432451154033,-0.010428498932274205,0.022154981388855948,0.07586828378436035,-0.008580509212649684,-0.20676925225912382,-0.08586910066167049,-0.0013550271260052615,0.08877288504286145
15,-1.7352018265589646,-0.17429749199486885,-0.3491861277094051,-0.1353270242420728,-0.1361843245115433,-0.01042849893227693,0.02215498138885406,0.07586828378436278,-0.008580509212648768,-0.20676925225912354,-0.08586910066167296,-0.001355027126006192,0.08877288504286612
16,-1.73520182655896,-0.17429749199486413,-0.34918612770940916,-0.1353270242420732,-0.13618432451154244,-0.010428498932271067,0.022154981388853443,0.07586828378436411,-0.008580509212646905,-0.2067692522591255,-0.08586910066166697,-0.0013550271260008074,0.08877288504286465
17,11.999044717580164,-1.9660778009242639,5.739571915737797,3.2598943035895567,-4.411265697157518,5.841481567645712,-2.4560533013269823,3.288146612605864,-1.795739936940701,5.633018909544529,9.352765728326117,-6.221011228310511,0.39105812011103086
18,-1.7352018265589635,-0.17429749199486175,-0.34918612770940644,-0.13532702424206874,-0.13618432451154058,-0.010428498932273768,0.022154981388853294,0.07586828378436404,-0.00858050921264907,-0.20676925225912768,-0.08586910066166617,-0.0013550271260050844,0.08877288504286562
19,-1.7352018265589646,-0.17429749199486624,-0.3491861277094079,-0.13532702424207207,-0.13618432451154297,-0.010428498932274112,0.02215498138885172,0.07586828378436354,-0.008580509212645774,-0.20676925225912549,-0.08586910066166913,-0.0013550271260032063,0.08877288504286461
20,-1.7352018265589648,-0.17429749199486735,-0.34918612770940716,-0.13532702424207174,-0.13618432451154214,-0.010428498932274143,0.022154981388850706,0.07586828378436197,-0.008580509212646276,-0.20676925225912599,-0.08586910066166933,-0.0013550271260021128,0.08877288504286372
21,-1.7352018265589655,-0.17429749199486866,-0.3491861277094052,-0.13532702424206938,-0.13618432451154006,-0.01042849893227434,0.022154981388850616,0.07586828378436429,-0.008580509212646643,-0.20676925225912374,-0.08586910066166965,-0.0013550271260025705,0.08877288504286591
22,-1.7352018265589635,-0.17429749199486577,-0.3491861277094075,-0.13532702424207088,-0.13618432451154122,-0.010428498932273359,0.022154981388853127,0.07586828378436404,-0.008580509212648574,-0.2067692522591255,-0.08586910066166874,-0.0013550271260041938,0.08877288504286472
23,16.839114407871318,-6.322299797371829,6.2874966955750615,-7.024937908660287,0.4204694165918247,12.128921379544725,-4.906780480590057,-9.684317368252946,9.28771042365749,-4.484602294668597,-0.7459147855698066,-1.093843775732291,-1.5969293869681804
24,-1.7352018265589633,-0.17429749199486522,-0.3491861277094087,-0.1353270242420716,-0.13618432451153892,-0.010428498932272486,0.022154981388854897,0.0758682837843644,-0.00858050921264907,-0.2067692522591247,-0.08586910066166853,-0.001355027126001922,0.08877288504286357
25,-1.7352018265589653,-0.1742974919948632,-0.34918612770940877,-0.13532702424207166,-0.13618432451154067,-0.010428498932273284,0.022154981388854807,0.07586828378436304,-0.008580509212648624,-0.20676925225912657,-0.08586910066166856,-0.0013550271260038623,0.08877288504286349
26,-1.7352018265589628,-0.17429749199486558,-0.3491861277094077,-0.13532702424207083,-0.13618432451154214,-0.010428498932274854,0.022154981388852833,0.0758682837843621,-0.008580509212646649,-0.20676925225912596,-0.08586910066166913,-0.0013550271260042884,0.08877288504286437
27,-1.7352018265589635,-0.17429749199486735,-0.34918612770940644,-0.1353270242420707,-0.13618432451154058,-0.01042849893227277,0.022154981388853075,0.07586828378436283,-0.00858050921264862,-0.20676925225912432,-0.08586910066166889,-0.0013550271260028008,0.0887728850428643
28,7.4144069865474345,-2.425041593232537,-1.0518062738475418,0.5787322453539582,1.8283445429480034,1.1431152583961943,0.11034460239436888,-1.2987020136070668,-0.1258752220448317,1.5029638343018807,-0.16607030763510322,0.2679631134080046,-2.4315689999513426
29,-1.7352018265589624,-0.174297491994867,-0.34918612770940805,-0.13532702424206955,-0.13618432451154125,-0.010428498932274499,0.022154981388854234,0.07586828378436558,-0.008580509212647826,-0.2067692522591242,-0.0858691006616698,-0.0013550271260043653,0.08877288504286647
30,-1.7352018265589644,-0.17429749199486658,-0.34918612770940693,-0.13532702424207113,-0.13618432451154128,-0.010428498932273624,0.022154981388854075,0.07586828378436328,-0.008580509212647735,-0.20676925225912532,-0.08586910066166949,-0.0013550271260036858,0.0887728850428647
31,-1.735201826558964,-0.17429749199486613,-0.349186127709407,-0.13532702424206997,-0.13618432451154328,-0.010428498932274368,0.02215498138885219,0.07586828378436325,-0.008580509212647566,-0.2067692522591251,-0.08586910066166895,-0.001355027126004366,0.08877288504286582
32,-1.7352018265589655,-0.17429749199486577,-0.3491861277094069,-0.13532702424207127,-0.1361843245115422,-0.01042849893227371,0.022154981388852295,0.07586828378436382,-0.008580509212647714,-0.20676925225912585,-0.0858691006616688,-0.001355027126004535,0.08877288504286482
33,-1.735201826558964,-0.17429749199486588,-0.34918612770940743,-0.13532702424207063,-0.13618432451154217,-0.010428498932273192,0.02215498138885311,0.0758682837843639,-0.008580509212648713,-0.20676925225912585,-0.08586910066166803,-0.0013550271260045874,0.08877288504286462
34,-1.7352018265589626,-0.1742974919948665,-0.34918612770940866,-0.1353270242420704,-0.13618432451154086,-0.010428498932273845,0.02215498138885427,0.07586828378436417,-0.008580509212647771,-0.20676925225912396,-0.0858691006616693,-0.001355027126003767,0.08877288504286479
35,-1.7352018265589637,-0.17429749199486622,-0.34918612770940677,-0.13532702424207152,-0.13618432451154242,-0.010428498932273659,0.02215498138885249,0.07586828378436435,-0.008580509212648451,-0.20676925225912587,-0.08586910066166947,-0.0013550271260038744,0.08877288504286401
36,-1.7352018265589662,-0.17429749199486616,-0.34918612770940705,-0.1353270242420704,-0.13618432451154103,-0.010428498932272138,0.022154981388852205,0.0758682837843642,-0.008580509212647079,-0.20676925225912718,-0.08586910066166922,-0.0013550271260035533,0.08877288504286489
37,-1.7352018265589626,-0.17429749199486638,-0.34918612770940616,-0.13532702424207044,-0.13618432451154108,-0.010428498932272903,0.02215498138885247,0.07586828378436392,-0.008580509212647433,-0.2067692522591248,-0.0858691006616684,-0.001355027126003993,0.08877288504286372
38,-1.735201826558964,-0.17429749199486527,-0.3491861277094075,-0.1353270242420717,-0.13618432451154017,-0.010428498932272932,0.022154981388852087,0.07586828378436389,-0.008580509212647493,-0.20676925225912704,-0.085869100661669,-0.0013550271260040587,0.08877288504286462
39,-1.7352018265589633,-0.17429749199486638,-0.3491861277094068,-0.13532702424207077,-0.13618432451154142,-0.010428498932273295,0.022154981388853308,0.07586828378436382,-0.00858050921264755,-0.2067692522591256,-0.0858691006616696,-0.0013550271260036584,0.08877288504286461
40,-1.7352018265589626,-0.17429749199486536,-0.349186127709406,-0.13532702424206922,-0.1361843245115414,-0.01042849893227182,0.022154981388853964,0.07586828378436436,-0.008580509212647908,-0.20676925225912407,-0.0858691006616689,-0.0013550271260043198,0.08877288504286486
41,-1.7352018265589644,-0.17429749199486644,-0.34918612770940716,-0.1353270242420707,-0.136184324511542,-0.010428498932273446,0.022154981388852992,0.07586828378436401,-0.008580509212649102,-0.2067692522591251,-0.08586910066166863,-0.0013550271260043176,0.0887728850428643
42,-1.7352018265589633,-0.17429749199486672,-0.3491861277094074,-0.1353270242420713,-0.1361843245115427,-0.010428498932272823,0.022154981388853474,0.07586828378436351,-0.008580509212646383,-0.20676925225912482,-0.0858691006616698,-0.0013550271260039475,0.08877288504286483
43,-1.7352018265589644,-0.17429749199486613,-0.3491861277094068,-0.13532702424207071,-0.1361843245115417,-0.010428498932273494,0.022154981388852756,0.07586828378436374,-0.008580509212647693,-0.20676925225912487,-0.08586910066166939,-0.0013550271260041576,0.08877288504286496
44,3.1864912351964567,-1.0944066226548752,0.010161405321083327,-1.797136620976297,2.929854812970781,-2.105606097778171,0.9418535464213783,-0.06918999613816251,-0.2500749390706436,2.614712407080814,-1.7510545624490184,0.17619769833508642,-1.2060654028722801
45,-1.7352018265589635,-0.17429749199486558,-0.34918612770940677,-0.13532702424207033,-0.1361843245115406,-0.01042849893227271,0.022154981388852902,0.07586828378436403,-0.008580509212648047,-0.20676925225912451,-0.08586910066166811,-0.0013550271260043259,0.08877288504286365
46,-1.735201826558964,-0.17429749199486594,-0.34918612770940655,-0.1353270242420695,-0.1361843245115425,-0.010428498932273343,0.02215498138885364,0.0758682837843645,-0.008580509212647079,-0.2067692522591244,-0.08586910066166885,-0.0013550271260043259,0.08877288504286612
47,-1.7352018265589637,-0.17429749199486644,-0.3491861277094077,-0.1353270242420708,-0.1361843245115426,-0.010428498932273472,0.022154981388853086,0.07586828378436423,-0.008580509212647596,-0.20676925225912565,-0.08586910066166893,-0.0013550271260044924,0.08877288504286542
48,-1.735201826558964,-0.17429749199486633,-0.3491861277094069,-0.1353270242420708,-0.13618432451154172,-0.010428498932273187,0.022154981388853526,0.07586828378436421,-0.008580509212647688,-0.20676925225912507,-0.0858691006616691,-0.001355027126004483,0.08877288504286489
49,-1.7352018265589644,-0.17429749199486683,-0.34918612770940677,-0.13532702424207058,-0.1361843245115419,-0.010428498932273768,0.022154981388853162,0.0758682837843639,-0.008580509212647433,-0.20676925225912435,-0.08586910066166904,-0.001355027126003907,0.08877288504286461
50,-1.735201826558964,-0.17429749199486635,-0.3491861277094075,-0.1353270242420711,-0.13618432451154133,-0.01042849893227344,0.02215498138885342,0.07586828378436376,-0.008580509212647315,-0.20676925225912599,-0.08586910066166957,-0.0013550271260043011,0.08877288504286567
51,-1.7352018265589635,-0.17429749199486602,-0.34918612770940716,-0.13532702424207044,-0.13618432451154103,-0.010428498932273166,0.02215498138885307,0.07586828378436454,-0.008580509212647632,-0.2067692522591248,-0.08586910066166861,-0.0013550271260045176,0.08877288504286508
52,-1.7352018265589644,-0.17429749199486633,-0.349186127709407,-0.1353270242420705,-0.1361843245115413,-0.010428498932272965,0.022154981388853138,0.07586828378436421,-0.008580509212647766,-0.20676925225912546,-0.085869100661669,-0.0013550271260042777,0.08877288504286518
53,1.6986029141780905,-1.0169694052120388,-0.7907618391545399,0.5599192486991046,0.7736325838042631,0.6713651039824192,0.420301450694898,0.3930341132591338,0.4205932727121306,0.7734493332609773,-0.7492450902125111,0.7309066506660101,-0.3183347279361223
54,-1.7352018265589644,-0.17429749199486624,-0.3491861277094071,-0.13532702424207088,-0.13618432451154172,-0.010428498932273638,0.02215498138885285,0.07586828378436389,-0.00858050921264819,-0.20676925225912512,-0.0858691006616691,-0.0013550271260041734,0.08877288504286451
55,4.897742867523868,1.7295386826374837,3.990105270262569,0.07509088497921865,0.5363248786014494,-0.7274508063460692,0.9621529962521488,-1.7991462760992716,0.5976578159957078,-1.3175104555178647,1.8182737516166667,1.6457050493771692,-1.7157327222284702
56,1.7825883193935124,1.7507230380888799,0.2713854168726005,-0.9022205091827226,0.3588492155833995,0.16416867318947362,0.6479379508625097,0.6938776753495263,0.8816778601155955,1.1110721196398348,-0.596364050880826,-0.4169364200206795,-0.364361198925007
57,-1.7352018265589637,-0.17429749199486627,-0.349186127709407,-0.13532702424207088,-0.1361843245115418,-0.010428498932273607,0.022154981388853034,0.07586828378436378,-0.00858050921264794,-0.2067692522591251,-0.08586910066166917,-0.0013550271260039967,0.08877288504286447
58,-1.7352018265589644,-0.17429749199486627,-0.34918612770940716,-0.13532702424207074,-0.13618432451154147,-0.010428498932273574,0.022154981388853048,0.07586828378436397,-0.008580509212647785,-0.20676925225912526,-0.0858691006616691,-0.0013550271260040557,0.08877288504286486
59,-1.7352018265589646,-0.17429749199486624,-0.349186127709407,-0.1353270242420707,-0.1361843245115415,-0.010428498932273534,0.022154981388852964,0.07586828378436408,-0.008580509212647918,-0.2067692522591254,-0.08586910066166902,-0.0013550271260041183,0.08877288504286497
60,-1.7352018265589637,-0.17429749199486644,-0.349186127709407,-0.13532702424207094,-0.13618432451154153,-0.01042849893227354,0.02215498138885307,0.07586828378436382,-0.008580509212647802,-0.206769252259125,-0.08586910066166925,-0.0013550271260040015,0.08877288504286467
61,-1.7352018265589637,-0.17429749199486638,-0.349186127709407,-0.13532702424207071,-0.13618432451154158,-0.010428498932273452,0.02215498138885298,0.07586828378436392,-0.008580509212647865,-0.2067692522591251,-0.08586910066166913,-0.001355027126004075,0.08877288504286467
62,8.142326175147714,-2.0649242683121765,-2.3267555473200203,4.5316452407040275,3.4388638832245,0.6637571043027582,-2.2626031712034056,0.8712124674980065,-0.5022806104993326,-2.918583543013316,0.8440063257978763,0.56865287234597,1.1506207326202769
63,-1.735201826558964,-0.17429749199486633,-0.34918612770940716,-0.13532702424207083,-0.13618432451154144,-0.01042849893227344,0.02215498138885299,0.07586828378436376,-0.008580509212647622,-0.2067692522591252,-0.08586910066166925,-0.0013550271260039316,0.08877288504286474
64,-1.7352018265589644,-0.17429749199486638,-0.34918612770940705,-0.13532702424207074,-0.1361843245115417,-0.010428498932273402,0.02215498138885293,0.07586828378436401,-0.008580509212647755,-0.2067692522591252,-0.08586910066166906,-0.001355027126004182,0.08877288504286483
65,-1.735201826558964,-0.17429749199486635,-0.34918612770940716,-0.13532702424207077,-0.13618432451154144,-0.010428498932273534,0.02215498138885302,0.07586828378436387,-0.008580509212647653,-0.20676925225912518,-0.08586910066166925,-0.0013550271260039238,0.08877288504286479
66,-1.4044112351458207,0.9625894626572096,0.07036504789778972,-0.34683503895168377,0.2843915298752072,-0.3313169762917102,-1.1123441365765003,0.3889457379760638,1.010932539867504,-0.29436860548905347,-0.21282178635001073,-0.14537165191818321,-0.2819347238951024
67,-1.7352018265589644,-0.17429749199486638,-0.3491861277094071,-0.13532702424207074,-0.13618432451154153,-0.010428498932273435,0.022154981388853027,0.07586828378436393,-0.008580509212647816,-0.20676925225912512,-0.08586910066166917,-0.0013550271260040839,0.08877288504286475
68,-1.735201826558964,-0.17429749199486633,-0.34918612770940693,-0.13532702424207071,-0.13618432451154167,-0.010428498932273473,0.022154981388852982,0.07586828378436396,-0.00858050921264794,-0.20676925225912512,-0.08586910066166907,-0.0013550271260040951,0.08877288504286465
69,-1.7352018265589644,-0.17429749199486635,-0.3491861277094071,-0.13532702424207077,-0.13618432451154158,-0.010428498932273484,0.02215498138885301,0.07586828378436392,-0.008580509212647766,-0.20676925225912518,-0.08586910066166915,-0.0013550271260040498,0.08877288504286475
70,-1.7352018265589644,-0.17429749199486638,-0.3491861277094071,-0.13532702424207077,-0.13618432451154153,-0.01042849893227355,0.022154981388852975,0.07586828378436392,-0.008580509212647709,-0.20676925225912518,-0.08586910066166922,-0.0013550271260039403,0.08877288504286474
71,-1.7352018265589644,-0.17429749199486635,-0.34918612770940705,-0.13532702424207074,-0.13618432451154155,-0.010428498932273472,0.02215498138885301,0.07586828378436394,-0.008580509212647785,-0.20676925225912518,-0.08586910066166913,-0.0013550271260040646,0.08877288504286475
72,-0.031350281577490965,1.5602748329549838,1.7798682181474386,-0.14866375519585276,0.6561116657062672,-0.5737344471951048,0.26340332080399836,0.028054962591696573,-0.04490632884515466,0.6907549490594878,0.5355849336696626,0.7130054377805656,-0.3996753207441949
73,-1.7352018265589644,-0.17429749199486635,-0.34918612770940705,-0.13532702424207074,-0.13618432451154155,-0.010428498932273472,0.02215498138885301,0.07586828378436394,-0.008580509212647785,-0.20676925225912518,-0.08586910066166913,-0.0013550271260040657,0.08877288504286475
74,-1.7352018265589644,-0.17429749199486635,-0.34918612770940705,-0.13532702424207074,-0.13618432451154155,-0.010428498932273472,0.02215498138885301,0.07586828378436394,-0.008580509212647785,-0.20676925225912518,-0.08586910066166913,-0.0013550271260040657,0.08877288504286475
75,-1.7352018265589644,-0.17429749199486635,-0.34918612770940705,-0.13532702424207074,-0.13618432451154155,-0.010428498932273472,0.02215498138885301,0.07586828378436394,-0.008580509212647785,-0.20676925225912518,-0.08586910066166913,-0.0013550271260040657,0.08877288504286475
76,8.976326460207558,7.11475314375835,6.958400714918361,0.49835054142838225,-1.6899343261347424,5.350979359974111,5.056047624210228,1.821721078268615,-10.728501043831075,-5.429943957264204,-0.5007624519732479,-10.409319011653324,-2.568734326746407
77,-1.7352018265589644,-0.17429749199486635,-0.34918612770940705,-0.13532702424207074,-0.13618432451154155,-0.010428498932273472,0.02215498138885301,0.07586828378436394,-0.008580509212647785,-0.20676925225912518,-0.08586910066166913,-0.0013550271260040657,0.08877288504286475
78,-1.7352018265589644,-0.17429749199486635,-0.34918612770940705,-0.13532702424207074,-0.13618432451154155,-0.010428498932273472,0.02215498138885301,0.07586828378436394,-0.008580509212647785,-0.20676925225912518,-0.08586910066166913,-0.0013550271260040657,0.08877288504286475
79,-1.7352018265589644,-0.17429749199486635,-0.34918612770940705,-0.13532702424207074,-0.13618432451154155,-0.010428498932273472,0.02215498138885301,0.07586828378436394,-0.008580509212647785,-0.20676925225912518,-0.08586910066166913,-0.0013550271260040657,0.08877288504286475
80,-1.7352018265589644,-0.17429749199486635,-0.34918612770940705,-0.13532702424207074,-0.13618432451154155,-0.010428498932273472,0.02215498138885301,0.07586828378436394,-0.008580509212647785,-0.20676925225912518,-0.08586910066166913,-0.0013550271260040657,0.08877288504286475
81,-1.7352018265589644,-0.17429749199486635,-0.34918612770940705,-0.13532702424207074,-0.13618432451154155,-0.010428498932273472,0.02215498138885301,0.07586828378436394,-0.008580509212647785,-0.20676925225912518,-0.08586910066166913,-0.0013550271260040657,0.08877288504286475
82,-1.7352018265589644,-0.17429749199486635,-0.34918612770940705,-0.13532702424207074,-0.13618432451154155,-0.010428498932273472,0.02215498138885301,0.07586828378436394,-0.008580509212647785,-0.20676925225912518,-0.08586910066166913,-0.0013550271260040657,0.08877288504286475
83,-1.7352018265589644,-0.17429749199486635,-0.34918612770940705,-0.13532702424207074,-0.13618432451154155,-0.010428498932273472,0.02215498138885301,0.07586828378436394,-0.008580509212647785,-0.20676925225912518,-0.08586910066166913,-0.0013550271260040657,0.08877288504286475
84,-1.7352018265589644,-0.17429749199486635,-0.34918612770940705,-0.13532702424207074,-0.13618432451154155,-0.010428498932273472,0.02215498138885301,0.07586828378436394,-0.008580509212647785,-0.20676925225912518,-0.08586910066166913,-0.0013550271260040657,0.08877288504286475
85,-1.7352018265589644,-0.17429749199486635,-0.34918612770940705,-0.13532702424207074,-0.13618432451154155,-0.010428498932273472,0.02215498138885301,0.07586828378436394,-0.008580509212647785,-0.20676925225912518,-0.08586910066166913,-0.0013550271260040657,0.08877288504286475
86,-1.7352018265589644,-0.17429749199486635,-0.34918612770940705,-0.13532702424207074,-0.13618432451154155,-0.010428498932273472,0.02215498138885301,0.07586828378436394,-0.008580509212647785,-0.20676925225912518,-0.08586910066166913,-0.0013550271260040657,0.08877288504286475
87,-1.7352018265589644,-0.17429749199486635,-0.34918612770940705,-0.13532702424207074,-0.13618432451154155,-0.010428498932273472,0.02215498138885301,0.07586828378436394,-0.008580509212647785,-0.20676925225912518,-0.08586910066166913,-0.0013550271260040657,0.08877288504286475
88,-1.7352018265589644,-0.17429749199486635,-0.34918612770940705,-0.13532702424207074,-0.13618432451154155,-0.010428498932273472,0.02215498138885301,0.07586828378436394,-0.008580509212647785,-0.20676925225912518,-0.08586910066166913,-0.0013550271260040657,0.08877288504286475
89,-1.7352018265589644,-0.17429749199486635,-0.34918612770940705,-0.13532702424207074,-0.13618432451154155,-0.010428498932273472,0.02215498138885301,0.07586828378436394,-0.008580509212647785,-0.20676925225912518,-0.08586910066166913,-0.0013550271260040657,0.08877288504286475
90,-1.6989875863411372,-0.15613054571497956,-0.3825988343159819,-0.15415006087564886,-0.16072456438519853,-0.024625912015456948,0.035330138034277286,0.07033256669146551,-0.016282764851158434,-0.20913324250316312,-0.07914803762003872,0.0008282032574414787,0.08191210074069681
91,-1.7352018265589644,-0.17429749199486635,-0.34918612770940705,-0.13532702424207074,-0.13618432451154155,-0.010428498932273472,0.02215498138885301,0.07586828378436394,-0.008580509212647785,-0.20676925225912518,-0.08586910066166913,-0.0013550271260040657,0.08877288504286475
92,0.7760196230751542,1.9457485282341171,5.656381172139294,-1.9672044791238275,1.2667946552423333,-1.2356220120473618,-3.665674264995548,-5.1096319782338515,-2.9962177797240024,-0.07921545026636106,10.789673518760656,7.573157418028891,1.0427587825247264
93,-1.7352018265589644,-0.17429749199486635,-0.34918612770940705,-0.13532702424207074,-0.13618432451154155,-0.010428498932273472,0.02215498138885301,0.07586828378436394,-0.008580509212647785,-0.20676925225912518,-0.08586910066166913,-0.0013550271260040657,0.08877288504286475
94,-1.7352018265589644,-0.17429749199486635,-0.34918612770940705,-0.13532702424207074,-0.13618432451154155,-0.010428498932273472,0.02215498138885301,0.07586828378436394,-0.008580509212647785,-0.20676925225912518,-0.08586910066166913,-0.0013550271260040657,0.08877288504286475
95,0.027947142376061943,0.6490967772280966,0.5745665095454697,1.388927862717017,0.4910978151276463,-1.3164050437693726,1.4130423385504387,-0.714399090691386,-0.19491005661139313,-1.4811147132006512,0.019156006424672193,-0.07770719778681774,-1.9434837009937012
96,-1.7352018265589644,-0.17429749199486635,-0.34918612770940705,-0.13532702424207074,-0.13618432451154155,-0.010428498932273472,0.02215498138885301,0.07586828378436394,-0.008580509212647785,-0.20676925225912518,-0.08586910066166913,-0.0013550271260040657,0.08877288504286475
97,-1.7352018265589644,-0.17429749199486635,-0.34918612770940705,-0.13532702424207074,-0.13618432451154155,-0.010428498932273472,0.02215498138885301,0.07586828378436394,-0.008580509212647785,-0.20676925225912518,-0.08586910066166913,-0.0013550271260040657,0.08877288504286475
98,3.1896362796328255,0.9556928348379591,2.4372132180128823,1.6541985673642918,-2.8377045550064084,-0.5688527596813039,-2.133043669679877,-1.6266893041797617,-4.042542842040812,1.7154587614974977,0.526654712980077,-1.3681813743244833,-2.4205284691675235
99,-1.7352018265589644,-0.17429749199486635,-0.34918612770940705,-0.13532702424207074,-0.13618432451154155,-0.010428498932273472,0.02215498138885301,0.07586828378436394,-0.008580509212647785,-0.20676925225912518,-0.08586910066166913,-0.0013550271260040657,0.08877288504286475
100,20.83010310899188,31.73711541550304,-17.84343033594638,1.8118101271524125,-1.6820080260619663,4.760684002806397,-1.752143140741359,0.5261913140223035,2.1676129628231546,-1.6173796412765653,1.718438688192839,2.0046009883013367,0.4350735884909138
101,-1.7352018265589644,-0.17429749199486635,-0.34918612770940705,-0.13532702424207074,-0.13618432451154155,-0.010428498932273472,0.02215498138885301,0.07586828378436394,-0.008580509212647785,-0.20676925225912518,-0.08586910066166913,-0.0013550271260040657,0.08877288504286475
102,-1.7352018265589644,-0.17429749199486635,-0.34918612770940705,-0.13532702424207074,-0.13618432451154155,-0.010428498932273472,0.02215498138885301,0.07586828378436394,-0.008580509212647785,-0.20676925225912518,-0.08586910066166913,-0.0013550271260040657,0.08877288504286475
103,-1.7352018265589644,-0.17429749199486635,-0.34918612770940705,-0.13532702424207074,-0.13618432451154155,-0.010428498932273472,0.02215498138885301,0.07586828378436394,-0.008580509212647785,-0.20676925225912518,-0.08586910066166913,-0.0013550271260040657,0.08877288504286475
104,-1.7352018265589644,-0.17429749199486635,-0.34918612770940705,-0.13532702424207074,-0.13618432451154155,-0.010428498932273472,0.02215498138885301,0.07586828378436394,-0.008580509212647785,-0.20676925225912518,-0.08586910066166913,-0.0013550271260040657,0.08877288504286475
105,-1.7352018265589644,-0.17429749199486635,-0.34918612770940705,-0.13532702424207074,-0.13618432451154155,-0.010428498932273472,0.02215498138885301,0.07586828378436394,-0.008580509212647785,-0.20676925225912518,-0.08586910066166913,-0.0013550271260040657,0.08877288504286475
106,-1.7352018265589644,-0.17429749199486635,-0.34918612770940705,-0.13532702424207074,-0.13618432451154155,-0.010428498932273472,0.02215498138885301,0.07586828378436394,-0.008580509212647785,-0.20676925225912518,-0.08586910066166913,-0.0013550271260040657,0.08877288504286475
107,-1.7352018265589644,-0.17429749199486635,-0.34918612770940705,-0.13532702424207074,-0.13618432451154155,-0.010428498932273472,0.02215498138885301,0.07586828378436394,-0.008580509212647785,-0.20676925225912518,-0.08586910066166913,-0.0013550271260040657,0.08877288504286475
108,-1.7352018265589644,-0.17429749199486635,-0.34918612770940705,-0.13532702424207074,-0.13618432451154155,-0.010428498932273472,0.02215498138885301,0.07586828378436394,-0.008580509212647785,-0.20676925225912518,-0.08586910066166913,-0.0013550271260040657,0.08877288504286475
109,-1.7352018265589644,-0.17429749199486635,-0.34918612770940705,-0.13532702424207074,-0.13618432451154155,-0.010428498932273472,0.02215498138885301,0.07586828378436394,-0.008580509212647785,-0.20676925225912518,-0.08586910066166913,-0.0013550271260040657,0.08877288504286475
110,-1.7352018265589644,-0.17429749199486635,-0.34918612770940705,-0.13532702424207074,-0.13618432451154155,-0.010428498932273472,0.02215498138885301,0.07586828378436394,-0.008580509212647785,-0.20676925225912518,-0.08586910066166913,-0.0013550271260040657,0.08877288504286475
111,-1.7352018265589644,-0.17429749199486635,-0.34918612770940705,-0.13532702424207074,-0.13618432451154155,-0.010428498932273472,0.02215498138885301,0.07586828378436394,-0.008580509212647785,-0.20676925225912518,-0.08586910066166913,-0.0013550271260040657,0.08877288504286475
112,-1.7352018265589644,-0.17429749199486635,-0.34918612770940705,-0.13532702424207074,-0.13618432451154155,-0.010428498932273472,0.02215498138885301,0.07586828378436394,-0.008580509212647785,-0.20676925225912518,-0.08586910066166913,-0.0013550271260040657,0.08877288504286475
113,-1.7352018265589644,-0.17429749199486635,-0.34918612770940705,-0.13532702424207074,-0.13618432451154155,-0.010428498932273472,0.02215498138885301,0.07586828378436394,-0.008580509212647785,-0.20676925225912518,-0.08586910066166913,-0.0013550271260040657,0.08877288504286475
114,-0.33107519422793774,-0.32019616830078007,-0.8643164146398326,-0.1563058126019145,0.695527550923834,0.31909739552812405,0.2464200653725416,-0.3320416130516852,-0.03854540934044439,1.2338874375620896,-0.1849673355834969,-0.09465403851462616,-0.08859283232949759
115,-1.7352018265589644,-0.17429749199486635,-0.34918612770940705,-0.13532702424207074,-0.13618432451154155,-0.010428498932273472,0.02215498138885301,0.07586828378436394,-0.008580509212647785,-0.20676925225912518,-0.08586910066166913,-0.0013550271260040657,0.08877288504286475
116,-1.7352018265589644,-0.17429749199486635,-0.34918612770940705,-0.13532702424207074,-0.13618432451154155,-0.010428498932273472,0.02215498138885301,0.07586828378436394,-0.008580509212647785,-0.20676925225912518,-0.08586910066166913,-0.0013550271260040657,0.08877288504286475
117,-1.7352018265589644,-0.17429749199486635,-0.34918612770940705,-0.13532702424207074,-0.13618432451154155,-0.010428498932273472,0.02215498138885301,0.07586828378436394,-0.008580509212647785,-0.20676925225912518,-0.08586910066166913,-0.0013550271260040657,0.08877288504286475
118,-1.7352018265589644,-0.17429749199486635,-0.34918612770940705,-0.13532702424207074,-0.13618432451154155,-0.010428498932273472,0.02215498138885301,0.07586828378436394,-0.008580509212647785,-0.20676925225912518,-0.08586910066166913,-0.0013550271260040657,0.08877288504286475
119,-1.7352018265589644,-0.17429749199486635,-0.34918612770940705,-0.13532702424207074,-0.13618432451154155,-0.010428498932273472,0.02215498138885301,0.07586828378436394,-0.008580509212647785,-0.20676925225912518,-0.08586910066166913,-0.0013550271260040657,0.08877288504286475
120,-1.7352018265589644,-0.17429749199486635,-0.34918612770940705,-0.13532702424207074,-0.13618432451154155,-0.010428498932273472,0.02215498138885301,0.07586828378436394,-0.008580509212647785,-0.20676925225912518,-0.08586910066166913,-0.0013550271260040657,0.08877288504286475
121,-0.07554858581719913,0.6955194995216278,2.1522077653962675,-2.264050050838153,0.4684807117399866,-1.4883167540320703,-0.5403759711955395,-2.8145024805421905,-1.757851764806464,-0.7031842605633737,3.937250856090692,4.1850384110649435,2.1299317750813134
122,-1.7352018265589644,-0.17429749199486635,-0.34918612770940705,-0.13532702424207074,-0.13618432451154155,-0.010428498932273472,0.02215498138885301,0.07586828378436394,-0.008580509212647785,-0.20676925225912518,-0.08586910066166913,-0.0013550271260040657,0.08877288504286475
123,-1.7352018265589644,-0.17429749199486635,-0.34918612770940705,-0.13532702424207074,-0.13618432451154155,-0.010428498932273472,0.02215498138885301,0.07586828378436394,-0.008580509212647776,-0.20676925225912518,-0.08586910066166913,-0.0013550271260040657,0.08877288504286475
124,-1.7352018265589644,-0.17429749199486635,-0.34918612770940705,-0.13532702424207074,-0.13618432451154155,-0.010428498932273472,0.02215498138885301,0.07586828378436394,-0.008580509212647776,-0.20676925225912518,-0.08586910066166913,-0.0013550271260040657,0.08877288504286475
125,-1.7352018265589644,-0.17429749199486635,-0.34918612770940705,-0.13532702424207074,-0.13618432451154155,-0.010428498932273472,0.02215498138885301,0.07586828378436394,-0.008580509212647776,-0.20676925225912518,-0.08586910066166913,-0.0013550271260040657,0.08877288504286475
126,-1.7352018265589644,-0.17429749199486635,-0.34918612770940705,-0.13532702424207074,-0.13618432451154155,-0.010428498932273472,0.02215498138885301,0.07586828378436394,-0.008580509212647785,-0.20676925225912518,-0.08586910066166913,-0.0013550271260040657,0.08877288504286475
127,4.805558883237506,0.5422546865916421,4.197570872444016,1.0829132565776383,-4.605952405062885,-1.3744286877830745,-2.9661905217329108,2.8005710965629604,-5.713291559948929,3.5336752584736795,5.09183909548956,6.461091695122233,-3.699308426373248
128,-1.7352018265589644,-0.17429749199486635,-0.34918612770940705,-0.13532702424207074,-0.13618432451154155,-0.010428498932273472,0.02215498138885301,0.07586828378436394,-0.008580509212647785,-0.20676925225912518,-0.08586910066166913,-0.0013550271260040657,0.08877288504286475
129,-1.7352018265589644,-0.17429749199486635,-0.34918612770940705,-0.13532702424207074,-0.13618432451154155,-0.010428498932273472,0.02215498138885301,0.07586828378436394,-0.008580509212647785,-0.20676925225912518,-0.08586910066166913,-0.0013550271260040657,0.08877288504286475
130,-1.7352018265589644,-0.17429749199486635,-0.34918612770940705,-0.13532702424207074,-0.13618432451154155,-0.010428498932273472,0.02215498138885301,0.07586828378436394,-0.008580509212647785,-0.20676925225912518,-0.08586910066166913,-0.0013550271260040657,0.08877288504286475
131,-1.7352018265589644,-0.17429749199486635,-0.34918612770940705,-0.13532702424207074,-0.13618432451154155,-0.010428498932273472,0.02215498138885301,0.07586828378436394,-0.008580509212647785,-0.20676925225912518,-0.08586910066166913,-0.0013550271260040657,0.08877288504286475
132,-1.7352018265589644,-0.17429749199486635,-0.34918612770940705,-0.13532702424207074,-0.13618432451154155,-0.010428498932273472,0.02215498138885301,0.07586828378436394,-0.008580509212647785,-0.20676925225912518,-0.08586910066166913,-0.0013550271260040657,0.08877288504286475
133,2.9463916835532067,0.3547853157976497,-0.6312200319964575,-3.422322609188403,-0.003550982558075561,-2.079009134608056,0.5498703932361864,-1.030615087669444,-2.203550863380101,-3.1974213478880884,1.0069290608281263,0.6602103067183593,3.372067455543844
134,-1.7352018265589644,-0.17429749199486635,-0.34918612770940705,-0.13532702424207074,-0.13618432451154155,-0.010428498932273472,0.02215498138885301,0.07586828378436394,-0.008580509212647785,-0.20676925225912518,-0.08586910066166913,-0.0013550271260040657,0.08877288504286475
135,-1.7352018265589644,-0.17429749199486635,-0.34918612770940705,-0.13532702424207074,-0.13618432451154155,-0.010428498932273472,0.02215498138885301,0.07586828378436394,-0.008580509212647785,-0.20676925225912518,-0.08586910066166913,-0.0013550271260040657,0.08877288504286475
136,-1.7352018265589644,-0.17429749199486635,-0.34918612770940705,-0.13532702424207074,-0.13618432451154155,-0.010428498932273472,0.02215498138885301,0.07586828378436394,-0.008580509212647785,-0.20676925225912518,-0.08586910066166913,-0.0013550271260040657,0.08877288504286475
137,-1.7352018265589644,-0.17429749199486635,-0.34918612770940705,-0.13532702424207074,-0.13618432451154155,-0.010428498932273472,0.02215498138885301,0.07586828378436394,-0.008580509212647785,-0.20676925225912518,-0.08586910066166913,-0.0013550271260040657,0.08877288504286475
138,-1.7352018265589644,-0.17429749199486635,-0.34918612770940705,-0.13532702424207074,-0.13618432451154155,-0.010428498932273472,0.02215498138885301,0.07586828378436394,-0.008580509212647785,-0.20676925225912518,-0.08586910066166913,-0.0013550271260040657,0.08877288504286475
139,6.189655535444644,3.77317012255723,4.917648854892034,0.7938529623776798,-0.41507599876441487,-1.4943281521446043,0.009645641586102333,-2.5351314750414677,0.5565316477300255,-0.6278967863661926,0.0067057882928062305,1.0589171158879265,-1.427254394827046
140,-1.7352018265589644,-0.17429749199486635,-0.34918612770940705,-0.13532702424207074,-0.13618432451154155,-0.010428498932273472,0.02215498138885301,0.07586828378436394,-0.008580509212647785,-0.20676925225912518,-0.08586910066166913,-0.0013550271260040657,0.08877288504286475
141,-1.7352018265589644,-0.17429749199486635,-0.34918612770940705,-0.13532702424207074,-0.13618432451154155,-0.010428498932273472,0.02215498138885301,0.07586828378436394,-0.008580509212647785,-0.20676925225912518,-0.08586910066166913,-0.0013550271260040657,0.08877288504286475
142,-1.7352018265589644,-0.17429749199486635,-0.34918612770940705,-0.13532702424207074,-0.13618432451154155,-0.010428498932273472,0.02215498138885301,0.07586828378436394,-0.008580509212647785,-0.20676925225912518,-0.08586910066166913,-0.0013550271260040657,0.08877288504286475
143,-1.7352018265589644,-0.17429749199486635,-0.34918612770940705,-0.13532702424207074,-0.13618432451154155,-0.010428498932273472,0.02215498138885301,0.07586828378436394,-0.008580509212647785,-0.20676925225912518,-0.08586910066166913,-0.0013550271260040657,0.08877288504286475
144,-1.7352018265589644,-0.17429749199486635,-0.34918612770940705,-0.13532702424207074,-0.13618432451154155,-0.010428498932273472,0.02215498138885301,0.07586828378436394,-0.008580509212647785,-0.20676925225912518,-0.08586910066166913,-0.0013550271260040657,0.08877288504286475
145,-1.7352018265589644,-0.17429749199486635,-0.34918612770940705,-0.13532702424207074,-0.13618432451154155,-0.010428498932273472,0.02215498138885301,0.07586828378436394,-0.008580509212647785,-0.20676925225912518,-0.08586910066166913,-0.0013550271260040657,0.08877288504286475
146,-1.7352018265589644,-0.17429749199486635,-0.34918612770940705,-0.13532702424207074,-0.13618432451154155,-0.010428498932273472,0.02215498138885301,0.07586828378436394,-0.008580509212647785,-0.20676925225912518,-0.08586910066166913,-0.0013550271260040657,0.08877288504286475
147,-1.7352018265589644,-0.17429749199486635,-0.34918612770940705,-0.13532702424207074,-0.13618432451154155,-0.010428498932273472,0.02215498138885301,0.07586828378436394,-0.008580509212647785,-0.20676925225912518,-0.08586910066166913,-0.0013550271260040657,0.08877288504286475
148,-1.7352018265589644,-0.17429749199486635,-0.34918612770940705,-0.13532702424207074,-0.13618432451154155,-0.010428498932273472,0.02215498138885301,0.07586828378436394,-0.008580509212647785,-0.20676925225912518,-0.08586910066166913,-0.0013550271260040657,0.08877288504286475
149,-1.7352018265589644,-0.17429749199486635,-0.34918612770940705,-0.13532702424207074,-0.13618432451154155,-0.010428498932273472,0.02215498138885301,0.07586828378436394,-0.008580509212647785,-0.20676925225912518,-0.08586910066166913,-0.0013550271260040657,0.08877288504286475
150,3.8536100765390886,5.995972484025233,3.7363840539952355,7.227566576566159,0.010794294950487957,-4.403441769218299,4.209777641204722,-3.3685084344043665,-2.233869332771071,-2.880718500536784,-2.6906907838392256,0.47764623704754866,-8.211871697954935
151,-1.7352018265589644,-0.17429749199486635,-0.34918612770940705,-0.13532702424207074,-0.13618432451154155,-0.010428498932273472,0.02215498138885301,0.07586828378436394,-0.008580509212647785,-0.20676925225912518,-0.08586910066166913,-0.0013550271260040657,0.08877288504286475
152,-1.7352018265589644,-0.17429749199486635,-0.34918612770940705,-0.13532702424207074,-0.13618432451154155,-0.010428498932273472,0.02215498138885301,0.07586828378436394,-0.008580509212647785,-0.20676925225912518,-0.08586910066166913,-0.0013550271260040657,0.08877288504286475
153,-1.7352018265589644,-0.17429749199486635,-0.34918612770940705,-0.13532702424207074,-0.13618432451154155,-0.010428498932273472,0.02215498138885301,0.07586828378436394,-0.008580509212647785,-0.20676925225912518,-0.08586910066166913,-0.0013550271260040657,0.08877288504286475
154,-1.7352018265589644,-0.17429749199486635,-0.34918612770940705,-0.13532702424207074,-0.13618432451154155,-0.010428498932273472,0.02215498138885301,0.07586828378436394,-0.008580509212647785,-0.20676925225912518,-0.08586910066166913,-0.0013550271260040657,0.08877288504286475
155,-1.7352018265589644,-0.17429749199486635,-0.34918612770940705,-0.13532702424207074,-0.13618432451154155,-0.010428498932273472,0.02215498138885301,0.07586828378436394,-0.008580509212647785,-0.20676925225912518,-0.08586910066166913,-0.0013550271260040657,0.08877288504286475
156,-1.7352018265589644,-0.17429749199486635,-0.34918612770940705,-0.13532702424207074,-0.13618432451154155,-0.010428498932273472,0.02215498138885301,0.07586828378436394,-0.008580509212647785,-0.20676925225912518,-0.08586910066166913,-0.0013550271260040657,0.08877288504286475
157,-1.7352018265589644,-0.17429749199486635,-0.34918612770940705,-0.13532702424207074,-0.13618432451154155,-0.010428498932273472,0.02215498138885301,0.07586828378436394,-0.008580509212647785,-0.20676925225912518,-0.08586910066166913,-0.0013550271260040657,0.08877288504286475
158,-1.7352018265589644,-0.17429749199486635,-0.34918612770940705,-0.13532702424207074,-0.13618432451154155,-0.010428498932273472,0.02215498138885301,0.07586828378436394,-0.008580509212647785,-0.20676925225912518,-0.08586910066166913,-0.0013550271260040657,0.08877288504286475
159,-1.7352018265589644,-0.17429749199486635,-0.34918612770940705,-0.13532702424207074,-0.13618432451154155,-0.010428498932273472,0.02215498138885301,0.07586828378436394,-0.008580509212647785,-0.20676925225912518,-0.08586910066166913,-0.0013550271260040657,0.08877288504286475
160,-1.7352018265589644,-0.17429749199486635,-0.34918612770940705,-0.13532702424207074,-0.13618432451154155,-0.010428498932273472,0.02215498138885301,0.07586828378436394,-0.008580509212647785,-0.20676925225912518,-0.08586910066166913,-0.0013550271260040657,0.08877288504286475
161,-1.7352018265589644,-0.17429749199486635,-0.34918612770940705,-0.13532702424207074,-0.13618432451154155,-0.010428498932273472,0.02215498138885301,0.07586828378436394,-0.008580509212647785,-0.20676925225912518,-0.08586910066166913,-0.0013550271260040657,0.08877288504286475
162,-1.7352018265589644,-0.17429749199486635,-0.34918612770940705,-0.13532702424207074,-0.13618432451154155,-0.010428498932273472,0.02215498138885301,0.07586828378436394,-0.008580509212647785,-0.20676925225912518,-0.08586910066166913,-0.0013550271260040657,0.08877288504286475
163,-1.7352018265589644,-0.17429749199486635,-0.34918612770940705,-0.13532702424207074,-0.13618432451154155,-0.010428498932273472,0.02215498138885301,0.07586828378436394,-0.008580509212647785,-0.20676925225912518,-0.08586910066166913,-0.0013550271260040657,0.08877288504286475
164,-1.7352018265589644,-0.17429749199486635,-0.34918612770940705,-0.13532702424207074,-0.13618432451154155,-0.010428498932273472,0.02215498138885301,0.07586828378436394,-0.008580509212647785,-0.20676925225912518,-0.08586910066166913,-0.0013550271260040657,0.08877288504286475
165,-1.7352018265589644,-0.17429749199486635,-0.34918612770940705,-0.13532702424207074,-0.13618432451154155,-0.010428498932273472,0.02215498138885301,0.07586828378436394,-0.008580509212647785,-0.20676925225912518,-0.08586910066166913,-0.0013550271260040657,0.08877288504286475
166,-1.7352018265589644,-0.17429749199486635,-0.34918612770940705,-0.13532702424207074,-0.13618432451154155,-0.010428498932273472,0.02215498138885301,0.07586828378436394,-0.008580509212647785,-0.20676925225912518,-0.08586910066166913,-0.0013550271260040657,0.08877288504286475
167,-1.7352018265589644,-0.17429749199486635,-0.34918612770940705,-0.13532702424207074,-0.13618432451154155,-0.010428498932273472,0.02215498138885301,0.07586828378436394,-0.008580509212647785,-0.20676925225912518,-0.08586910066166913,-0.0013550271260040657,0.08877288504286475
168,-1.7352018265589644,-0.17429749199486635,-0.34918612770940705,-0.13532702424207074,-0.13618432451154155,-0.010428498932273472,0.02215498138885301,0.07586828378436394,-0.008580509212647785,-0.20676925225912518,-0.08586910066166913,-0.0013550271260040657,0.08877288504286475
169,-1.7352018265589644,-0.17429749199486635,-0.34918612770940705,-0.13532702424207074,-0.13618432451154155,-0.010428498932273472,0.02215498138885301,0.07586828378436394,-0.008580509212647785,-0.20676925225912518,-0.08586910066166913,-0.0013550271260040657,0.08877288504286475
170,-1.7352018265589644,-0.17429749199486635,-0.34918612770940705,-0.13532702424207074,-0.13618432451154155,-0.010428498932273472,0.02215498138885301,0.07586828378436394,-0.008580509212647785,-0.20676925225912518,-0.08586910066166913,-0.0013550271260040657,0.08877288504286475
171,-1.5150209879420318,-0.20416909637494832,-0.4322468334359241,-0.020431787269567618,-0.04115205219702643,0.0002565755452112047,0.027300201495521398,0.15359909790020929,-0.1504145488124476,-0.18789631268766796,-0.10597040371329597,0.0537791508575375,0.12669184426538685
172,-1.7352018265589644,-0.17429749199486635,-0.34918612770940705,-0.13532702424207074,-0.13618432451154155,-0.010428498932273472,0.02215498138885301,0.07586828378436394,-0.008580509212647785,-0.20676925225912518,-0.08586910066166913,-0.0013550271260040657,0.08877288504286475
173,-1.7352018265589644,-0.17429749199486635,-0.34918612770940705,-0.13532702424207074,-0.13618432451154155,-0.010428498932273472,0.02215498138885301,0.07586828378436394,-0.008580509212647785,-0.20676925225912518,-0.08586910066166913,-0.0013550271260040657,0.08877288504286475
174,-1.7352018265589644,-0.17429749199486635,-0.34918612770940705,-0.13532702424207074,-0.13618432451154155,-0.010428498932273472,0.02215498138885301,0.07586828378436394,-0.008580509212647785,-0.20676925225912518,-0.08586910066166913,-0.0013550271260040657,0.08877288504286475
175,-1.7352018265589644,-0.17429749199486635,-0.34918612770940705,-0.13532702424207074,-0.13618432451154155,-0.010428498932273472,0.02215498138885301,0.07586828378436394,-0.008580509212647785,-0.20676925225912518,-0.08586910066166913,-0.0013550271260040657,0.08877288504286475
176,-1.7352018265589644,-0.17429749199486635,-0.34918612770940705,-0.13532702424207074,-0.13618432451154155,-0.010428498932273472,0.02215498138885301,0.07586828378436394,-0.008580509212647785,-0.20676925225912518,-0.08586910066166913,-0.0013550271260040657,0.08877288504286475
177,4.954221498022031,3.157785437398918,4.096583325284965,0.648999808570038,-0.37159858947024055,-1.2629977879556091,0.011595766802500785,-2.1280934898252757,0.4684343152788856,-0.5622457259160415,-0.007726038502377712,0.8936275422621808,-1.190915541311205
178,-1.7352018265589644,-0.17429749199486635,-0.34918612770940705,-0.13532702424207074,-0.13618432451154155,-0.010428498932273472,0.02215498138885301,0.07586828378436394,-0.008580509212647785,-0.20676925225912518,-0.08586910066166913,-0.0013550271260040657,0.08877288504286475
179,-1.7352018265589644,-0.17429749199486635,-0.34918612770940705,-0.13532702424207074,-0.13618432451154155,-0.010428498932273472,0.02215498138885301,0.07586828378436394,-0.008580509212647785,-0.20676925225912518,-0.08586910066166913,-0.0013550271260040657,0.08877288504286475
180,-1.7352018265589644,-0.17429749199486635,-0.34918612770940705,-0.13532702424207074,-0.13618432451154155,-0.010428498932273472,0.02215498138885301,0.07586828378436394,-0.008580509212647785,-0.20676925225912518,-0.08586910066166913,-0.0013550271260040657,0.08877288504286475
181,-1.7352018265589644,-0.17429749199486635,-0.34918612770940705,-0.13532702424207074,-0.13618432451154155,-0.010428498932273472,0.02215498138885301,0.07586828378436394,-0.008580509212647785,-0.20676925225912518,-0.08586910066166913,-0.0013550271260040657,0.08877288504286475
182,1.124035770155545,-0.8949595164793172,-0.8549403878064417,0.43337014260475454,0.7516223874211398,0.42114982112398114,-0.42486860468262216,-0.20657430908564176,-0.2447155493331728,-0.35284593808806336,-0.17796531367789495,0.11850158452775743,0.5074134613496678
183,-1.7352018265589644,-0.17429749199486635,-0.34918612770940705,-0.13532702424207074,-0.13618432451154155,-0.010428498932273472,0.02215498138885301,0.07586828378436394,-0.008580509212647785,-0.20676925225912518,-0.08586910066166913,-0.0013550271260040657,0.08877288504286475
184,-1.7352018265589644,-0.17429749199486635,-0.34918612770940705,-0.13532702424207074,-0.13618432451154155,-0.010428498932273472,0.02215498138885301,0.07586828378436394,-0.008580509212647785,-0.20676925225912518,-0.08586910066166913,-0.0013550271260040657,0.08877288504286475
185,-1.7352018265589644,-0.17429749199486635,-0.34918612770940705,-0.13532702424207074,-0.13618432451154155,-0.010428498932273472,0.02215498138885301,0.07586828378436394,-0.008580509212647785,-0.20676925225912518,-0.08586910066166913,-0.0013550271260040657,0.08877288504286475
186,-1.2859770137951578,-0.22644797174587,-0.3252342195796893,0.011390592043556557,0.4083008175733687,0.13109959906041532,0.673907984466961,-0.03722679825827355,0.28207156575268333,1.1090159606199723,-0.04754446693244027,0.0328189743759229,-0.03881267005733851
187,1.359700311194865,2.282024647929638,3.4358350224824403,1.5487924913963145,-4.6547287696298865,-0.5237994395611533,0.9905249924879157,1.8661943186999124,-1.1407835402270357,1.5623950319083026,1.943167132571771,-2.6611362331261548,2.4439265047149603
188,-1.6964352616546183,-0.07516019206747854,-0.28598665425726433,-0.03986278288243987,-0.22178412254740731,-0.032110534179524634,-0.03997794996123557,0.07381136565562764,-0.021744115679276477,-0.12552884180607776,-0.10334685058301395,-0.08481354444011528,0.1602964229767593
189,0.9990485749219209,-2.262418545089209,0.05016887609770861,-1.170409087454064,0.5392516393919835,3.0997331930277294,-1.1738510318806117,-2.9239741177981418,2.319942582785598,0.1405353543834719,1.5859794652983419,-4.46055474093805,-4.229567173048709
190,-0.5325284745679357,1.1158532888215085,0.9276022144815214,1.0600661678982986,-0.5699532690588198,-1.0047394818739401,0.042564631477926794,-1.1782759111992092,0.2700374974195514,0.9676096577908854,-0.5595042797682833,0.044672328022585875,-0.5371555390740954
191,0.546144989559771,-0.33937697541481227,-0.3609394478192054,-0.45159126842590674,0.30275168352786147,0.2654392502536734,0.6459733701880643,-0.9292120284782294,0.46041409813605066,0.8466125093714424,-0.44690677468662326,-0.2736787889021748,-0.54462989324719
192,1.265695902153462,-1.0014581267786746,-1.159344052221202,0.48673360252359926,0.6692568366791972,0.348723511881594,0.5668441271702407,0.02140203505595856,-0.05521806720464062,0.8844273440692001,-0.47978671162454267,0.4843504672131847,-0.24042433968925594
193,9.59094641034934,-2.5949095084294496,-3.1178153728833524,1.6414160003914122,4.0788711285630805,1.0236100693522674,1.7841532220566765,-0.8571116746257931,-0.36775606656284954,6.144081528171204,-0.7110570624278416,-0.004549765884842439,-0.35315457407393896
194,-0.34438380591577633,0.35306350494773053,-0.4582342147161096,-0.5051078588942426,0.17850759720971746,0.4827131923834755,0.6460848381015423,-0.516056222765145,0.12843460537941542,0.24189231353219345,-0.2604966088625542,-0.014721586503559671,0.00516833985662352
195,4.127833871468862,4.17209200652911,4.9089646664578375,-5.948452708712524,4.593630877377766,-5.083110697814209,-9.121679974463216,14.535850175906749,6.146315947823117,0.38518849803821975,-2.180868710173724,-1.1596455566545893,-6.694665961113955
196,0.5995932267650236,0.9346227396555852,1.8179520570306447,0.39850199198033665,-0.1196736278754205,-0.5516670327321764,0.5185179674727037,-1.6600643598091283,-0.9738144043555746,-0.2154274205286139,1.2306153261048531,1.7033089087318152,-1.37114839252843
197,-1.7352018265589644,-0.17429749199486635,-0.34918612770940705,-0.13532702424207074,-0.13618432451154155,-0.010428498932273472,0.02215498138885301,0.07586828378436394,-0.008580509212647785,-0.20676925225912518,-0.08586910066166913,-0.0013550271260040657,0.08877288504286475
198,-0.2009120577258237,-0.49766710867943376,-0.7610942125579593,-0.04642528934343959,0.28421053697410165,0.0667147585959816,0.459625861881945,-0.24941940265509677,0.3026546676872149,1.0458457543185744,-0.1830420272304394,-0.0638520068885352,0.06118618703110107
199,2.24098575647491,0.8765725841694283,-0.12584041447965502,-0.5144842261572788,2.218999816052943,3.0055301173170372,-1.8329059704961728,-3.848921055748602,3.8999050112294515,-3.829880633049853,1.347027323193391,-2.078668011191403,-1.14083718974778
200,-1.7352018265589644,-0.17429749199486635,-0.34918612770940705,-0.13532702424207074,-0.13618432451154155,-0.010428498932273472,0.02215498138885301,0.07586828378436394,-0.008580509212647785,-0.20676925225912518,-0.08586910066166913,-0.0013550271260040657,0.08877288504286475
201,1.0976147096690292,-1.027311684915475,-0.20830433765818396,-0.19072090218344565,0.35187877586830285,0.8018205010442935,-0.1567026011764428,0.025996598552350828,-0.3932992493500216,1.6895007425501585,0.6747716318203365,-0.9069353076558001,-0.40777580751045905
202,-1.7352018265589644,-0.17429749199486635,-0.34918612770940705,-0.13532702424207074,-0.13618432451154155,-0.010428498932273472,0.02215498138885301,0.07586828378436394,-0.008580509212647785,-0.20676925225912518,-0.08586910066166913,-0.0013550271260040657,0.08877288504286475
203,-1.3035198320672383,-0.5077438714301111,-0.34879970096700097,-0.28596417811627495,-0.03091541974103398,0.37227597085572567,-0.050854303876440396,-0.43958793568626514,0.2615549143777775,0.06019265205002168,0.20584126120433155,-0.6532278829173461,-0.5483635288645774
204,6.946700371493287,5.096561642622289,6.209350678844344,5.865608665437463,-3.5453048987512896,-1.2789035478863058,-5.733012802984389,1.850505567990228,4.355909038081403,4.778307846191986,-2.3752474236727497,-1.7229987773942628,6.565656916692011
205,2.767050083952986,-0.3694853759226145,0.08506934564652871,-0.7479696306940817,0.3495798063484314,1.4699870599845482,1.5548952780481844,-0.5073784286027757,0.7974207651980785,1.4367974571672348,-0.8110909870332346,0.3925335144521298,0.7149522045867522
206,25.111687715879697,-12.049604349220317,-3.1383715335697837,8.385879460009528,11.712345206006047,-2.6957679957877123,-5.936111752209211,2.7248019460263224,-4.647947380439728,-7.679349630472878,-1.8350034166727494,1.7342872189151848,4.400126505643159
207,-1.436061194386731,0.6057931894701605,1.3737501178732903,-0.4585547504705203,-0.4241285675121613,-1.0404200762163616,-1.593282812843815,1.9814854061345346,-0.9068317300558584,0.6276375401473814,0.7189115239379775,0.03391582137053162,-2.493386697438622
208,-1.7352018265589644,-0.17429749199486635,-0.34918612770940705,-0.13532702424207074,-0.13618432451154155,-0.010428498932273472,0.02215498138885301,0.07586828378436394,-0.008580509212647785,-0.20676925225912518,-0.08586910066166913,-0.0013550271260040657,0.08877288504286475
209,0.29864612714758815,0.04431962444221163,3.655150294458739,-2.118698631451747,1.7930097545958839,0.07122013630676283,-6.4141193500210525,2.845573092609018,2.2526600655507596,-0.31925074197783543,4.610345014876792,-0.9092216503144798,-1.926716453606587
210,12.806214334643805,-4.070473781511138,0.035181699890351366,3.969637025485879,2.415921711854363,0.9367419172150271,-2.9746342597092235,1.2798384047388405,-4.652855366603103,-2.003906097320009,-0.05822522745929499,-1.0313196106293705,0.7595501268621923
211,-1.7352018265589644,-0.17429749199486635,-0.34918612770940705,-0.13532702424207074,-0.13618432451154155,-0.010428498932273472,0.02215498138885301,0.07586828378436394,-0.008580509212647785,-0.20676925225912518,-0.08586910066166913,-0.0013550271260040657,0.08877288504286475
212,-1.7352018265589644,-0.17429749199486635,-0.34918612770940705,-0.13532702424207074,-0.13618432451154155,-0.010428498932273472,0.02215498138885301,0.07586828378436394,-0.008580509212647785,-0.20676925225912518,-0.08586910066166913,-0.0013550271260040657,0.08877288504286475
213,4.730234174445144,6.794453653008104,9.139317287687586,8.89878685812758,-8.299344605104674,-7.371743902047466,-7.890117806082595,-8.577098808004003,-0.8919991204556719,2.2887465937155307,-8.371278158096686,0.8956963943142143,-0.13815398475078763
214,3.283999627672591,-1.101163150179523,-1.5309267100051995,0.9335213243540408,1.6293380919404812,0.14351137322151097,0.6220355575824411,0.36886257602543,-0.23944549186545117,1.9848655862700497,0.036950381199453784,0.18891386985093941,-0.09194768838612949
215,-1.7352018265589644,-0.17429749199486635,-0.34918612770940705,-0.13532702424207074,-0.13618432451154155,-0.010428498932273472,0.02215498138885301,0.07586828378436394,-0.008580509212647785,-0.20676925225912518,-0.08586910066166913,-0.0013550271260040657,0.08877288504286475
216,13.141797038622169,-0.18629951363324573,12.375795522204971,2.3530228799918533,-6.984330545580613,10.955457094059872,9.187861129564801,8.783740736019006,2.5287533317865183,-2.1191107575754025,-4.19575835890007,8.978729169556622,2.141582837869745
217,-0.7294809799100519,-0.6619677749436771,0.4628105047290387,0.19602862284854874,-0.4153594038089163,0.771202153490124,1.0711443855220268,0.5553275027220974,0.3775602815209033,-0.02092261220531507,0.3922576284658726,0.6187266471304026,-0.33432941814427425
218,-0.46747792175704855,0.4508525372835469,0.5298697550599578,-0.5352473190403644,-1.2441101490892676,0.685817334297852,1.2449490386453577,0.739023348891936,0.06873368873684814,-0.0734903778996024,-0.3256798732752423,1.5840510273277653,-0.08180466057158516
219,-1.7352018265589644,-0.17429749199486635,-0.34918612770940705,-0.13532702424207074,-0.13618432451154155,-0.010428498932273472,0.02215498138885301,0.07586828378436394,-0.008580509212647785,-0.20676925225912518,-0.08586910066166913,-0.0013550271260040657,0.08877288504286475
220,35.59790420925312,-9.286267921259208,-6.4147047433270705,-15.628848662229709,-14.209714844163958,-11.206483375680614,3.0741876636569416,0.05472696999534916,-0.037768122694523815,-1.729959202287948,-0.1980414346741823,-0.8482567657515822,-0.013177633951084684
221,1.1806393235373958,0.5939651250354115,0.7809006003454837,0.1485732296801328,-4.12334004312421,-0.25293610960215746,-1.3807009964517982,-0.6362412549681268,0.8899364101410298,3.906274493326154,0.11428470467340655,-5.06056572878737,7.267781130367652
222,-1.7352018265589644,-0.17429749199486635,-0.34918612770940705,-0.13532702424207074,-0.13618432451154155,-0.010428498932273472,0.02215498138885301,0.07586828378436394,-0.008580509212647785,-0.20676925225912518,-0.08586910066166913,-0.0013550271260040657,0.08877288504286475
223,-1.5383850829375885,-0.18117862486879083,0.07351045483334544,-0.1369626149385351,-0.5810201387220957,0.24376003082415715,0.15542669580902368,0.5303343496122325,-0.07653751892872843,0.005546395093952471,0.1168877150411037,0.6739609773532866,0.11858882999826456
224,14.055823095000772,-1.5516645206928295,-4.619760801796279,2.137587488089253,4.812524131451728,1.6399078885609977,1.4695227480176314,0.012803014783538295,-2.3528762881600693,4.943258004204372,-1.039623138953679,0.8113323059719498,-0.937052946113622
225,-1.7352018265589644,-0.17429749199486635,-0.34918612770940705,-0.13532702424207074,-0.13618432451154155,-0.010428498932273472,0.02215498138885301,0.07586828378436394,-0.008580509212647785,-0.20676925225912518,-0.08586910066166913,-0.0013550271260040657,0.08877288504286475
226,-1.7352018265589644,-0.17429749199486635,-0.34918612770940705,-0.13532702424207074,-0.13618432451154155,-0.010428498932273472,0.02215498138885301,0.07586828378436394,-0.008580509212647785,-0.20676925225912518,-0.08586910066166913,-0.0013550271260040657,0.08877288504286475
227,7.758019153132824,-0.5103716075039413,2.5348435747201123,12.934735308440908,3.152177387407151,-10.631180401618971,10.34858787399957,0.038800918564380844,10.96688972536874,-2.474012113534829,7.323569628740271,-2.9878113065090415,0.019079939792460816
228,-1.2454683168020098,0.05461525475269374,-0.271867283723131,-0.0043533264294831455,0.06089787505898463,0.10370178068302151,0.341732255780157,-0.036423792797741814,-0.11176061635940426,0.0885452034822302,-0.05018637393141341,-0.1449150911273975,0.1210314170353253
229,5.583374989389904,-0.01874863071877757,3.3477959218209077,4.872686938404234,-2.3581228509457337,-0.11700735232402393,-0.7986664600290935,2.182075299804234,1.6891708540018027,-1.6885625265478021,-0.21100322952475034,-1.7219811788652495,2.975088745023095
230,0.9292413910227467,-1.2120435279231987,-0.9475595068717125,0.3837501622445663,0.6237746945478243,0.5217529866693056,-0.023760352491217836,-0.08168297383298662,-0.48370337373579725,1.2282945307371798,0.14074079386382757,0.4528469311035259,-0.387268652676045
231,10.508804602625018,-3.1359551074561187,-0.4824822754874995,2.3301746978531686,4.208660237111564,1.952953158509459,-0.3214321570648188,-1.3542178018220723,-1.085647856285041,1.836301062347134,-1.6326289055501149,0.5702454483475198,-2.0303471027301425
232,0.12281819256393675,-0.29445475404652593,0.05536371778826914,1.5066528577713985,0.09314063436051281,-0.6745382639095956,-0.6526089246056039,0.16293473826177776,0.39130009325636034,1.3372563315823573,-0.7959487594601726,0.06077574933466121,0.34745347028768386
233,10.712031822371017,-4.362907579272128,-3.1177986024188082,1.443196413509728,4.349052818823441,0.9590036556014979,3.1293195289959375,-0.5354848099434891,0.520170743537,8.322646085715874,-1.3412051203633697,0.9485707770903928,-1.6229637037072628
234,2.427395130080502,-1.402281850255804,-0.9027880812315221,-0.4687801696757915,1.1408512900675085,0.6447619933521574,0.8505629070878127,-0.8336608108332885,0.4384315686883737,2.7600619403350017,-0.7792525202069398,-0.15372671576821176,-1.0399661953680743
235,1.190700676563331,-0.674476168114087,-0.7930217357038101,-0.13491793706519697,1.1724025803435107,0.2525655811207458,0.848175912693156,-0.46815575793278447,-0.5001033502737564,1.6885035986109231,-0.5212120136317128,-0.07391779865950845,0.43248105117453817
236,4.260314577224972,-1.452382821852144,-1.6935081428951801,0.1449888958376636,1.4545184903512673,1.1476077124034403,0.5281994179443508,-0.9012013269041615,-0.13492746567526312,3.4442729535714243,-0.8408326770186716,0.1297891278302485,0.7448149717448999
237,-1.7352018265589644,-0.17429749199486638,-0.34918612770940716,-0.13532702424207074,-0.13618432451154158,-0.010428498932273466,0.02215498138885304,0.07586828378436401,-0.00858050921264778,-0.20676925225912526,-0.0858691006616691,-0.001355027126004068,0.08877288504286472
238,0.015246893115416826,-0.12624847443558446,-0.06004466045578259,-0.31573945024857897,-0.24289022309945882,0.6092537693773373,0.54971878122876,0.10008862210429167,0.018317115538689754,0.36176941606188434,-0.027830844452669548,0.2412268352647682,-0.10228203893722
239,5.821338874485363,-2.27718486032147,-0.6851521285343815,0.6339909767077551,0.5922537033531956,1.2566131534289395,-0.9531161295349958,0.2960525509073113,0.05329984701146826,-0.03528514295897215,-0.3682721736050103,0.5281304317968631,0.26979687246975426
240,-1.1467230073199914,2.1583581795641487,-0.30630981336056345,-0.6093424998834095,0.36283821083949186,0.3909890106037602,0.006616929944951111,-0.1242034013781914,-0.6305632063205774,-0.12075975376024145,0.7878829833624649,-0.9803446141282257,1.928461608683226
241,3.5450129672251864,2.1942111374146993,3.450480389450672,-0.013178765545430564,0.16217706610851357,-1.0982971574693914,0.6380982865538442,-1.394611305578421,0.005843474298135063,0.036921307156066216,-0.21006004135700912,1.016782586353431,-1.3514637908268032
242,-1.7352018265589637,-0.17429749199486633,-0.3491861277094074,-0.13532702424207077,-0.13618432451154153,-0.010428498932273465,0.022154981388852982,0.07586828378436394,-0.008580509212647795,-0.2067692522591252,-0.08586910066166915,-0.0013550271260040578,0.08877288504286475
243,-1.735201826558964,-0.17429749199486635,-0.34918612770940727,-0.13532702424207077,-0.13618432451154153,-0.010428498932273466,0.022154981388852992,0.07586828378436394,-0.008580509212647811,-0.20676925225912526,-0.08586910066166913,-0.001355027126004063,0.08877288504286476
244,6.312212291713794,14.530971568602176,13.393739991008827,-14.080125898731461,15.776583214432005,-4.908249150035039,4.404659881821901,-1.6740553136276435,-1.756789621333596,1.8655496415160246,-1.6016251412706175,-1.1082836323219178,4.811393184473252
245,-1.735201826558964,-0.17429749199486635,-0.34918612770940716,-0.13532702424207074,-0.13618432451154155,-0.010428498932273461,0.02215498138885303,0.07586828378436397,-0.008580509212647795,-0.20676925225912518,-0.08586910066166911,-0.0013550271260040613,0.08877288504286476
246,5.1573596700973745,-2.189207133143806,-1.3695733688498322,-0.32222597820102633,2.2951988811814523,1.43312990141112,1.6959996049443615,-2.085397840094414,0.38486340381475814,4.453719054455009,-0.4503306829563191,-0.7431261079599697,-1.579398682059353
247,5.971285164882652,-2.1873487748351867,-0.596198623944956,0.1268564652590057,1.7488757921169005,1.9074682561180065,2.2611701356771996,-1.050549997648682,0.8220843118575728,4.103980331620545,-0.6598059991834255,0.22827964677705995,-1.1323770396612103
248,-1.5827698145456068,-0.033309761711142076,-0.45368140701209725,-0.07274502448467826,-0.09462711813341805,0.14289281756638042,0.13009650603555628,0.12315355619575834,-0.003133811103432351,-0.007881453496252282,-0.036283222162117316,-0.028657730591161043,-0.004282149489585184
249,-1.7352018265589644,-0.17429749199486624,-0.34918612770940716,-0.13532702424207074,-0.13618432451154158,-0.010428498932273477,0.022154981388853,0.07586828378436396,-0.008580509212647776,-0.20676925225912518,-0.08586910066166911,-0.0013550271260040873,0.08877288504286476
