segment_id,u,v,lat_u,lon_u,lat_v,lon_v,highway,length,lat,lon,umap_x,umap_y,cluster_espacial,cluster_temporal,jam_mean,zona
0,2866782875,8957222011,-16.5175566,-68.0519416,-16.5175848,-68.0512422,residential,93.35659504612812,-16.5175707,-68.0515919,-11.531541,-6.9721327,-1,0,0.0,lapaz
1,2455499173,2455499173,-16.5339062,-68.1295466,-16.5339062,-68.1295466,residential,260.907869566362,-16.5339062,-68.1295466,-11.364942,-6.756392,-1,0,0.0,lapaz
2,1333236119,9643041207,-16.5186777,-68.0562271,-16.518629,-68.0566927,residential,49.95019170071194,-16.51865335,-68.0564599,-12.103427,-6.71468,-1,0,0.0,lapaz
3,1332075913,1332666584,-16.4904073,-68.1047547,-16.4903243,-68.1051501,residential,43.156480715357816,-16.4903658,-68.1049524,-11.012942,-6.018051,0,0,0.0,lapaz
4,2867899175,2867899177,-16.5481381,-68.0965094,-16.5489522,-68.0960312,residential,103.88753602810696,-16.54854515,-68.0962703,-10.717873,-6.655861,-1,0,0.0,lapaz
5,8995652826,12612978799,-16.5191597,-68.1258548,-16.5196352,-68.1263353,residential,74.8702936995979,-16.51939745,-68.12609505,-11.843713,-6.522763,-1,0,0.0,lapaz
6,1784894644,1784894665,-16.4745295,-68.11518,-16.4752814,-68.1154131,residential,87.25851526312755,-16.47490545,-68.11529655,-11.225677,-6.1423693,8,0,0.0,lapaz
7,1786081767,8983344938,-16.5343947,-68.1380626,-16.5349405,-68.1380138,residential,68.69037602020495,-16.5346676,-68.1380382,-11.863849,-7.0021486,5,0,0.0,lapaz
8,1132462505,1345733211,-16.4928466,-68.1157663,-16.4925066,-68.1159857,residential,44.458125741462005,-16.4926766,-68.115876,-11.633337,-6.219789,1,0,0.0,lapaz
9,2867949799,2867949804,-16.5094355,-68.0553366,-16.5082339,-68.0547754,residential,174.47319723497296,-16.5088347,-68.05505600000001,-12.155589,-6.399621,-1,0,0.0,lapaz
10,8327670476,8982653302,-16.4970027,-68.0957277,-16.4969857,-68.0968759,residential,151.14436766716858,-16.4969942,-68.09630179999999,-11.839122,-6.200632,-1,0,0.0,lapaz
11,1345660857,1345660891,-16.5079753,-68.1111065,-16.5077181,-68.1118264,residential,83.11840032098362,-16.5078467,-68.11146645,-11.667885,-6.835106,-1,0,0.0,lapaz
12,1785386633,1785386635,-16.5224758,-68.1050849,-16.5225427,-68.1052975,residential,24.103695419471343,-16.52250925,-68.10519120000001,-11.51065,-5.949105,-1,0,0.0,lapaz
13,1332074716,1344189009,-16.4957881,-68.101985,-16.4960639,-68.1009031,residential,119.5990851852132,-16.495925999999997,-68.10144405,-11.943981,-6.5311403,0,0,0.0,lapaz
14,1785387152,1785387178,-16.5326363,-68.0942862,-16.5335482,-68.094285,residential,105.82485388872264,-16.53309225,-68.0942856,-11.431378,-6.019557,-1,0,0.0,lapaz
15,2834844847,2834844855,-16.4575976,-68.1197995,-16.4597712,-68.1194556,residential,255.62855019068635,-16.4586844,-68.11962754999999,-11.596963,-6.175799,-1,0,0.0,lapaz
16,1208361964,1906527080,-16.5313234,-68.0746423,-16.5321175,-68.0751492,residential,103.52126563313188,-16.53172045,-68.07489575,-13.095431,-7.501207,-1,0,0.0,lapaz
17,560220565,560220610,-16.5378984,-68.0777581,-16.5379569,-68.076689,residential,114.1463340829882,-16.53792765,-68.07722355,-8.019002,2.3862765,2,1,1.0052133688581881,lapaz
18,560220013,560220298,-16.5457972,-68.0804997,-16.5452193,-68.0803402,residential,66.4706234519058,-16.545508249999997,-68.08041994999999,-11.185265,-5.3213143,2,0,0.0,lapaz
19,1784902718,4676764530,-16.4950554,-68.1131458,-16.4957464,-68.1113154,residential,225.8570427208107,-16.4954009,-68.1122306,-11.64251,-7.941516,1,0,0.0,lapaz
20,1216186567,1906157232,-16.5212903,-68.1082674,-16.5212543,-68.1086348,residential,39.370456817191126,-16.5212723,-68.1084511,-13.390603,-6.63105,-1,0,0.0,lapaz
21,5351900235,9258379534,-16.5294595,-68.0395488,-16.5303181,-68.0401873,residential,118.91171738776949,-16.529888800000002,-68.03986805,-11.637021,-6.48589,3,0,0.0,lapaz
22,1786081070,1786081086,-16.5252239,-68.1253103,-16.5256449,-68.1261079,residential,100.842758580629,-16.5254344,-68.1257091,-10.864558,-7.6177573,-1,0,0.0,lapaz
23,537341475,1707567216,-16.5049576,-68.1346911,-16.5048052,-68.1344377,residential,31.890845552802297,-16.504881400000002,-68.1345644,-8.33809,2.739664,4,1,1.1988980514281995,lapaz
24,2454687780,9961703073,-16.5362569,-68.1339931,-16.5367005,-68.1347008,residential,90.3104074513009,-16.5364787,-68.13434695000001,-10.591469,-6.8689632,5,0,0.0,lapaz
25,1332097389,2321317735,-16.5333486,-68.0381505,-16.5338513,-68.0378663,residential,63.59977777647759,-16.53359995,-68.0380084,-10.53911,-6.104402,3,0,0.0,lapaz
26,1332053558,1346555108,-16.5094592,-68.0822109,-16.5082338,-68.0831956,residential,172.0092141193672,-16.508846499999997,-68.08270325000001,-13.191155,-5.968549,-1,0,0.0,lapaz
27,1340866271,1340866368,-16.5443096,-68.0421253,-16.544231,-68.043073,residential,101.39424890087716,-16.5442703,-68.04259915,-11.377858,-5.4275866,-1,0,0.0,lapaz
28,443177836,443177838,-16.5148481,-68.1300254,-16.5146546,-68.1288533,residential,126.79405630979966,-16.514751349999997,-68.12943935,-8.626465,2.7821722,-1,1,0.6310809648632947,lapaz
29,1344150112,4873313225,-16.4936529,-68.1033472,-16.4928721,-68.1034649,residential,87.72336152116156,-16.4932625,-68.10340605,-10.416268,-6.6529555,0,0,0.0,lapaz
30,1786081721,1786081747,-16.53355,-68.1319572,-16.534102,-68.1316481,residential,69.66433027839626,-16.533826,-68.13180265,-10.530736,-6.36267,5,0,0.0,lapaz
31,2865526358,2865526365,-16.4790346,-68.0968937,-16.4796931,-68.0955881,residential,157.29476782093,-16.47936385,-68.0962409,-10.779029,-6.330919,-1,0,0.0,lapaz
32,1361257001,1361257039,-16.5160691,-68.1103429,-16.5156694,-68.1100978,residential,51.5565429030299,-16.51586925,-68.11022035,-11.711557,-5.31696,-1,0,0.0,lapaz
33,1786102784,1786102824,-16.5340547,-68.1021157,-16.5346513,-68.1023745,residential,96.53692534543116,-16.534353,-68.1022451,-11.432043,-7.809536,6,0,0.0,lapaz
34,1784894591,2864497020,-16.4701661,-68.1141601,-16.4690292,-68.1121528,residential,251.37100577330688,-16.46959765,-68.11315645,-10.684813,-6.589294,-1,0,0.0,lapaz
35,1345733093,4675633947,-16.4880969,-68.1067197,-16.4861679,-68.1071717,residential,246.98282807833155,-16.4871324,-68.1069457,-10.844631,-6.1056314,0,0,0.0,lapaz
36,1208348705,1349942866,-16.5439689,-68.0615891,-16.545446,-68.0614248,residential,165.19462198141792,-16.544707449999997,-68.06150695,-10.460504,-7.176579,-1,0,0.0,lapaz
37,1361187802,1361333611,-16.4578929,-68.1617468,-16.4577503,-68.1612341,residential,57.58643554225924,-16.457821600000003,-68.16149045,-10.901333,-7.6760073,-1,0,0.0,lapaz
38,1498508970,5502322395,-16.484367,-68.1648712,-16.4843067,-68.1649542,residential,11.103048236826083,-16.48433685,-68.1649127,-11.162467,-7.4997864,7,0,0.0,lapaz
39,1785345078,1785345091,-16.5099923,-68.1145611,-16.51036,-68.1145569,residential,40.88888403271002,-16.51017615,-68.114559,-10.6515875,-7.062468,-1,0,0.0,lapaz
40,1785244058,2866752126,-16.5191457,-68.1352708,-16.5192671,-68.136458,residential,129.66154713540092,-16.5192064,-68.1358644,-11.069177,-6.618595,-1,0,0.0,lapaz
41,560220216,560220221,-16.5430836,-68.0842039,-16.5431925,-68.0839774,residential,27.127609449740888,-16.54313805,-68.08409065000001,-11.014947,-6.1759377,2,0,0.0,lapaz
42,2864934870,2864934875,-16.4700208,-68.124019,-16.4683183,-68.1258217,residential,311.17002357442914,-16.46916955,-68.12492035,-11.486217,-7.4249163,-1,0,0.0,lapaz
43,5476049682,10606254506,-16.547301,-68.0997345,-16.5474686,-68.0995335,residential,28.676743885683784,-16.5473848,-68.09963400000001,-11.26191,-6.7840366,-1,0,0.0,lapaz
44,565307199,5893599227,-16.4995188,-68.1263119,-16.499497,-68.1254906,residential,87.59752335983369,-16.4995079,-68.12590125,-9.055432,2.4888544,-1,0,0.3684239601928192,lapaz
45,1498451144,1498451159,-16.4875565,-68.164934,-16.487871,-68.1648755,residential,35.5440283491841,-16.487713749999998,-68.16490475,-12.666767,-5.3782873,7,0,0.0,lapaz
46,2861519229,2861519257,-16.4408093,-68.1541033,-16.4405123,-68.1535759,residential,65.3109903816424,-16.440660800000003,-68.1538396,-11.638404,-8.002739,-1,0,0.0,lapaz
47,2864497062,2864497080,-16.4714224,-68.1126691,-16.4716842,-68.1128056,residential,32.68673261172306,-16.4715533,-68.11273735,-11.082503,-7.3986826,-1,0,0.0,lapaz
48,1498508798,1498508810,-16.4826413,-68.1632534,-16.4829688,-68.1631566,residential,37.90673894454035,-16.48280505,-68.163205,-10.602674,-6.1822658,-1,0,0.0,lapaz
49,1345660836,1345660994,-16.5081021,-68.1084873,-16.5078964,-68.108907,residential,50.25208939571411,-16.507999249999997,-68.10869715,-12.410733,-7.805686,-1,0,0.0,lapaz
50,1784698349,4349255030,-16.4846173,-68.1140376,-16.4843044,-68.1142355,residential,40.823068676446816,-16.484460849999998,-68.11413655000001,-12.008331,-5.368427,-1,0,0.0,lapaz
51,5555235057,8973502689,-16.5822305,-68.0786882,-16.5820917,-68.0778062,residential,95.2539897614268,-16.5821611,-68.07824719999999,-10.91341,-6.468629,-1,0,0.0,lapaz
52,1786102695,1786102730,-16.5328873,-68.1053518,-16.5334595,-68.1062584,residential,167.3951068530191,-16.5331734,-68.1058051,-11.087826,-7.2232504,6,0,0.0,lapaz
53,1210621786,1210621995,-16.4939419,-68.153077,-16.4934022,-68.1541446,residential,128.67799466516567,-16.49367205,-68.1536108,-9.204098,1.426389,-1,0,0.15139205060546246,lapaz
54,6557811796,6557811797,-16.5033971,-68.0938818,-16.5033311,-68.0936198,residential,28.88090951929449,-16.5033641,-68.09375080000001,-12.897446,-7.1154704,-1,0,0.0,lapaz
55,1497042002,1497042034,-16.501201,-68.1533211,-16.501842,-68.1532419,residential,73.05510177774065,-16.5015215,-68.15328149999999,-8.073215,1.6010358,-1,0,0.37974639240949043,lapaz
56,564539584,1784848110,-16.4935465,-68.1267678,-16.494211,-68.1272265,residential,88.61516277263613,-16.49387875,-68.12699715,-8.678658,1.4587525,-1,0,0.2715941152894445,lapaz
57,6159093934,6159093935,-16.4454755,-68.1498281,-16.4453921,-68.1501852,residential,39.19616751548547,-16.4454338,-68.15000665,-11.213387,-7.626724,-1,0,0.0,lapaz
58,6344968022,9253656393,-16.5126744,-68.0712226,-16.5140179,-68.0734076,residential,290.743752936261,-16.51334615,-68.0723151,-12.867202,-7.6735754,-1,0,0.0,lapaz
59,1785317519,1785317547,-16.5261436,-68.140489,-16.526521,-68.140535,residential,42.25055343982303,-16.5263323,-68.140512,-10.817184,-6.9195647,-1,0,0.0,lapaz
60,6557899816,6557899817,-16.5024299,-68.0480145,-16.5027489,-68.0474867,residential,66.51808348530851,-16.502589399999998,-68.0477506,-10.991601,-7.060201,-1,0,0.0,lapaz
61,2866727098,2866727100,-16.5109413,-68.0702821,-16.5104083,-68.0701153,residential,61.877255970748045,-16.5106748,-68.07019869999999,-12.733056,-7.915423,-1,0,0.0,lapaz
62,348025217,560232415,-16.496256,-68.1334125,-16.4966742,-68.1326642,residential,92.34512391921358,-16.4964651,-68.13303834999999,-8.339325,2.7389033,-1,1,0.6903794340575773,lapaz
63,5054181560,8982974224,-16.4970192,-68.090578,-16.4980531,-68.0928326,residential,292.9732225524957,-16.497536150000002,-68.0917053,-11.047286,-6.5645947,-1,0,0.0,lapaz
64,1332097391,1332230316,-16.5321443,-68.038825,-16.5320126,-68.038569,residential,30.97026545178306,-16.53207845,-68.038697,-10.923475,-7.172053,3,0,0.0,lapaz
65,1344175306,1344175313,-16.5067417,-68.1007934,-16.5073557,-68.101362,residential,94.70829407869404,-16.5070487,-68.10107769999999,-13.191499,-6.4103026,-1,0,0.0,lapaz
66,1786081207,3791378881,-16.5278372,-68.1264299,-16.527177,-68.1258606,residential,95.24805539416032,-16.5275071,-68.12614525000001,-8.731099,0.22144964,-1,0,0.030780609658992104,lapaz
67,2454688138,2454688207,-16.5384898,-68.1357736,-16.5387943,-68.1348328,residential,106.37316180057417,-16.53864205,-68.1353032,-12.132511,-7.976006,5,0,0.0,lapaz
68,1784902761,1784902849,-16.495567,-68.1154291,-16.496704,-68.1163611,residential,170.2561960167899,-16.4961355,-68.1158951,-13.0249,-5.7519255,1,0,0.0,lapaz
69,5351880000,6168716316,-16.5158915,-68.1045686,-16.5160072,-68.1033545,residential,130.06967635643755,-16.51594935,-68.10396155,-11.123938,-6.275672,-1,0,0.0,lapaz
70,1344150042,1344150074,-16.4913934,-68.1060384,-16.4910398,-68.1059546,residential,40.32098762624557,-16.4912166,-68.1059965,-10.786762,-6.8241525,0,0,0.0,lapaz
71,1332266894,1332600763,-16.5367047,-68.0497828,-16.5369011,-68.0497228,residential,22.75598799714693,-16.5368029,-68.0497528,-11.81241,-7.4321265,-1,0,0.0,lapaz
72,1784894803,1784894807,-16.4791323,-68.1186007,-16.4792897,-68.1175649,residential,111.822931459485,-16.479211,-68.1180828,-8.406286,0.9525453,8,0,0.1551110744112783,lapaz
73,1333505626,1333505761,-16.5155739,-68.0914834,-16.5163489,-68.0911895,residential,195.0085405085022,-16.515961400000002,-68.09133645,-11.282011,-7.136266,-1,0,0.0,lapaz
74,6152380178,6152380183,-16.5078578,-68.0916806,-16.5080555,-68.0909708,residential,78.82217288222611,-16.50795665,-68.0913257,-11.285924,-7.0940733,-1,0,0.0,lapaz
75,1334839325,1334839348,-16.5120752,-68.0817246,-16.5113332,-68.0815313,residential,85.04139399249085,-16.5117042,-68.08162795,-11.427111,-6.180114,-1,0,0.0,lapaz
76,1210621533,1210621802,-16.4896323,-68.1579298,-16.4897177,-68.1585417,residential,65.92929851852067,-16.489675,-68.15823575,-8.020456,1.8039987,-1,1,0.6428516847502836,lapaz
77,2559852081,2559852085,-16.5190965,-68.1469164,-16.5199758,-68.1455254,residential,233.5592442179553,-16.51953615,-68.1462209,-11.303133,-6.9386253,-1,0,0.0,lapaz
78,1786103021,9962847347,-16.5394655,-68.0959476,-16.5392378,-68.0953732,residential,66.25631256228601,-16.53935165,-68.0956604,-12.0387535,-7.6279035,-1,0,0.0,lapaz
79,1332103557,1332103567,-16.5297272,-68.0415795,-16.5293908,-68.0412184,residential,53.6743370452813,-16.529559,-68.04139895,-12.531776,-7.571644,3,0,0.0,lapaz
80,2867949880,2867949881,-16.5055352,-68.0419136,-16.5060962,-68.0415675,residential,72.47643584416612,-16.5058157,-68.04174055,-12.275701,-7.453383,-1,0,0.0,lapaz
81,1332051881,11065363508,-16.5358611,-68.080485,-16.5348737,-68.0803415,residential,132.22764945469424,-16.5353674,-68.08041324999999,-12.159834,-7.2872715,-1,0,0.0,lapaz
82,2864894075,2864934472,-16.4672586,-68.1303396,-16.4666086,-68.1308484,residential,91.34839991951036,-16.4669336,-68.130594,-11.362171,-7.542798,-1,0,0.0,lapaz
83,1333185614,1333185681,-16.5225936,-68.0556745,-16.5221311,-68.0554682,residential,55.93276542716191,-16.52236235,-68.05557135000001,-11.935087,-7.6713204,-1,0,0.0,lapaz
84,1334314878,1334314908,-16.5408217,-68.0335848,-16.5401288,-68.0344262,residential,127.62039406376611,-16.54047525,-68.0340055,-11.647923,-7.2081256,-1,0,0.0,lapaz
85,8241573332,8976798060,-16.4611209,-68.1398348,-16.4630919,-68.1400815,residential,239.51439771842573,-16.4621064,-68.13995815,-12.259574,-7.1048937,-1,0,0.0,lapaz
86,1784871085,1784871091,-16.4808496,-68.1208312,-16.4813297,-68.1205875,residential,59.37293933488813,-16.48108965,-68.12070935,-11.9077215,-6.9518523,8,0,0.0,lapaz
87,8979214284,9923430799,-16.501556,-68.0731454,-16.5013944,-68.0717472,residential,164.62722793483266,-16.5014752,-68.0724463,-13.008253,-7.0660644,-1,0,0.0,lapaz
88,6584578997,6584579001,-16.5063097,-68.0382027,-16.5060676,-68.0389336,residential,95.74531600001173,-16.50618865,-68.03856815,-11.764177,-7.4148784,-1,0,0.0,lapaz
89,1332036125,2321317846,-16.5411586,-68.0431284,-16.5413649,-68.0430945,residential,23.648781092714668,-16.54126175,-68.04311145,-12.9634,-6.832482,-1,0,0.0,lapaz
90,1498339519,1785316580,-16.5118079,-68.146944,-16.5111171,-68.1477147,residential,157.65171914511058,-16.5114625,-68.14732935,-9.2422,-0.2533115,9,0,0.0051978963052456955,lapaz
91,4652802438,4652802468,-16.5375201,-68.1208332,-16.5368433,-68.1234138,residential,309.5336122625661,-16.537181699999998,-68.1221235,-13.227059,-6.8871865,-1,0,0.0,lapaz
92,1361359858,7892226518,-16.4639871,-68.1500757,-16.4636545,-68.1505412,residential,61.90163517976711,-16.4638208,-68.15030845000001,-7.785242,1.1820958,-1,0,0.25359141265443974,lapaz
93,1786081059,2867847891,-16.5246995,-68.1216368,-16.5245201,-68.1217957,residential,26.42909827766703,-16.5246098,-68.12171625,-12.375789,-6.8905144,-1,0,0.0,lapaz
94,6804295389,8958433073,-16.5400252,-68.1243418,-16.5396845,-68.1238832,residential,193.0839732550459,-16.539854849999998,-68.1241125,-11.713428,-6.716019,-1,0,0.0,lapaz
95,324099575,4085835436,-16.5177154,-68.1293058,-16.5166424,-68.1288989,residential,132.83829022638807,-16.517178899999998,-68.12910235,-8.920054,0.97209966,-1,0,0.11327404769887568,lapaz
96,1344150047,2865566492,-16.4950293,-68.1060162,-16.4942955,-68.1061303,residential,82.49684226592954,-16.4946624,-68.10607325000001,-13.060544,-6.2230883,0,0,0.0,lapaz
97,4368447455,4368447456,-16.4923185,-68.1221877,-16.4923199,-68.1226107,residential,45.10064429585776,-16.492319199999997,-68.12239919999999,-11.36724,-7.427027,-1,0,0.0,lapaz
98,1784846785,6074239388,-16.481249,-68.1240298,-16.4807896,-68.1247793,residential,95.05899736336332,-16.4810193,-68.12440455000001,-8.311536,1.5938025,8,0,0.38562163547308054,lapaz
99,2865566937,2865607601,-16.4974183,-68.0980018,-16.4972186,-68.0971904,residential,102.60005993005991,-16.49731845,-68.0975961,-12.172379,-7.042235,-1,0,0.0,lapaz
100,1333505752,4913096798,-16.5170057,-68.0903834,-16.5164662,-68.0904467,residential,60.658660792814175,-16.516735949999998,-68.09041504999999,-7.990594,1.965415,-1,1,1.6782046417923877,lapaz
101,1784894805,1784894836,-16.4792416,-68.1168889,-16.4801507,-68.1172371,residential,118.01343300921438,-16.479696150000002,-68.117063,-11.443367,-6.3979025,8,0,0.0,lapaz
102,6066709623,6066709626,-16.4440702,-68.1221682,-16.4435718,-68.1221221,residential,55.63727698471919,-16.443821,-68.12214515,-11.7793865,-7.4084077,-1,0,0.0,lapaz
103,2484704955,2484704958,-16.4928381,-68.1471916,-16.4928002,-68.1479452,residential,80.46172928068817,-16.492819150000003,-68.1475684,-11.630297,-7.154034,-1,0,0.0,lapaz
104,1437216239,8977357221,-16.4796158,-68.1456476,-16.4795689,-68.1456231,residential,6.3137514442029925,-16.47959235,-68.14563534999999,-12.200953,-7.1163983,-1,0,0.0,lapaz
105,1436979991,3751492239,-16.5471608,-68.0759709,-16.5469693,-68.0771041,residential,122.83256234756324,-16.54706505,-68.0765375,-11.513653,-6.9147415,2,0,0.0,lapaz
106,1786103050,3039514789,-16.5404604,-68.0991472,-16.5404475,-68.0992316,residential,9.1101447104092,-16.54045395,-68.0991894,-12.742303,-6.313904,-1,0,0.0,lapaz
107,1332023093,1332097408,-16.5305847,-68.0357968,-16.5308972,-68.0363801,residential,71.2300085141317,-16.53074095,-68.03608845,-12.549265,-7.270955,3,0,0.0,lapaz
108,1345047864,3782577831,-16.5072509,-68.095887,-16.5072183,-68.0954622,residential,45.43364080863001,-16.5072346,-68.0956746,-12.661499,-5.8491907,-1,0,0.0,lapaz
109,1332615508,1332615538,-16.5392822,-68.0502314,-16.5392922,-68.0498012,residential,45.87037646375924,-16.539287199999997,-68.05001630000001,-12.583053,-7.4175224,-1,0,0.0,lapaz
110,8958450564,8958450571,-16.5409354,-68.1165379,-16.5418018,-68.1148109,residential,251.8000784166953,-16.5413686,-68.11567439999999,-12.774179,-6.096197,-1,0,0.0,lapaz
111,9925936295,9925936298,-16.5359991,-68.0474143,-16.5358645,-68.0471718,residential,29.86984658017919,-16.5359318,-68.04729305000001,-12.806524,-7.1929836,-1,0,0.0,lapaz
112,1784846872,1784846879,-16.4827381,-68.1263432,-16.4827836,-68.1269108,residential,65.29139944014425,-16.48276085,-68.126627,-12.614065,-7.1041675,10,0,0.0,lapaz
113,1785211027,1785211079,-16.5122437,-68.1349573,-16.5127994,-68.1344055,residential,87.75982927498798,-16.51252155,-68.1346814,-12.343591,-5.4350457,4,0,0.0,lapaz
114,4385380454,4750242895,-16.4931571,-68.1216958,-16.4945216,-68.1216264,residential,151.90605302964676,-16.493839350000002,-68.1216611,-9.356696,1.4379483,1,0,0.13346504149518934,lapaz
115,2862848857,2862848859,-16.4517062,-68.1456535,-16.4505221,-68.1456414,residential,131.67242160038765,-16.451114150000002,-68.14564745,-11.46852,-7.2641654,-1,0,0.0,lapaz
116,1498339164,1498339258,-16.5074323,-68.1485373,-16.5081092,-68.1489638,residential,88.84504917425411,-16.50777075,-68.14875055,-10.746493,-5.6448116,9,0,0.0,lapaz
117,1210088197,1391478002,-16.5446802,-68.0671902,-16.5438091,-68.0668836,residential,102.22886639088858,-16.54424465,-68.0670369,-13.042981,-6.562687,-1,0,0.0,lapaz
118,1210620857,1210622003,-16.4904747,-68.1622533,-16.4899153,-68.1624741,residential,66.50850453995123,-16.490195,-68.1623637,-11.774952,-6.6881256,7,0,0.0,lapaz
119,2864834301,2864893714,-16.4828532,-68.1325244,-16.4714816,-68.1377374,residential,1599.2602003713455,-16.4771674,-68.13513090000001,-11.573442,-4.7040105,-1,0,0.00041053705116036256,lapaz
120,1361256986,1361257103,-16.5127797,-68.106802,-16.5121954,-68.1068904,residential,65.88852557456738,-16.51248755,-68.1068462,-12.594879,-6.7683053,-1,0,0.0,lapaz
121,1345509561,1361257079,-16.5108941,-68.1059424,-16.5117909,-68.1067447,residential,187.31947821353813,-16.5113425,-68.10634354999999,-8.09181,0.95379835,-1,0,0.1692561511903853,lapaz
122,1786102657,1786102659,-16.5319026,-68.1052807,-16.5319604,-68.1049065,residential,40.403589037812495,-16.5319315,-68.1050936,-12.685783,-5.8001943,6,0,0.0,lapaz
123,2866727153,13406662156,-16.5116152,-68.0761676,-16.5111176,-68.0764804,residential,64.9917608873151,-16.5113664,-68.076324,-12.764439,-6.679537,-1,0,0.0,lapaz
124,3782603360,3782603364,-16.5039925,-68.0589135,-16.504443,-68.0588967,residential,50.12539594973974,-16.50421775,-68.0589051,-12.269976,-7.1004257,-1,0,0.0,lapaz
125,6446182905,6446182906,-16.5216169,-68.1232641,-16.5213047,-68.1233021,residential,35.82359530293823,-16.5214608,-68.12328310000001,-12.493074,-6.181761,-1,0,0.0,lapaz
126,8258935166,8979214309,-16.5035052,-68.0761251,-16.5035965,-68.0752105,residential,99.85055434811812,-16.50355085,-68.07566779999999,-12.565737,-6.5805817,-1,0,0.0,lapaz
127,1345733115,1345733213,-16.4919076,-68.1153526,-16.4920167,-68.1155193,residential,24.322835780025198,-16.49196215,-68.11543595,-7.6208153,1.4279115,1,1,0.5695223236468829,lapaz
128,2865723385,2865723386,-16.5138415,-68.0775466,-16.5135,-68.0761222,residential,156.52903036652887,-16.513670750000003,-68.0768344,-12.07785,-7.823158,-1,0,0.0,lapaz
129,2864484571,2864484578,-16.4668652,-68.1059633,-16.4665449,-68.1062597,residential,47.73182931464079,-16.46670505,-68.1061115,-10.450224,-6.5403104,-1,0,0.0,lapaz
130,10606253632,10606253633,-16.5407619,-68.1346368,-16.5408959,-68.1348097,residential,23.699783983089635,-16.5408289,-68.13472325000001,-12.486613,-6.744095,5,0,0.0,lapaz
131,6804295427,8982868936,-16.5328154,-68.1187038,-16.5338824,-68.1198008,residential,178.27808685743742,-16.5333489,-68.1192523,-10.523931,-7.3604465,-1,0,0.0,lapaz
132,1344122059,2865522344,-16.4838954,-68.0929691,-16.4835243,-68.0924637,residential,67.87271629665413,-16.48370985,-68.0927164,-12.41087,-6.462656,-1,0,0.0,lapaz
133,1345733085,6110460341,-16.4901853,-68.1157414,-16.4903139,-68.1163788,residential,69.4486078483398,-16.4902496,-68.1160601,-8.389397,1.5476203,1,0,0.36778882408589736,lapaz
134,2865723638,2865723645,-16.515165,-68.1313752,-16.5146198,-68.1316146,residential,66.03090872323345,-16.5148924,-68.1314949,-12.095087,-6.9481335,-1,0,0.0,lapaz
135,2867949715,2867949723,-16.551689,-68.0671699,-16.5506642,-68.0674348,residential,140.7154016747232,-16.551176599999998,-68.06730235,-11.196257,-5.607661,-1,0,0.0,lapaz
136,1786102722,6123615803,-16.5332892,-68.1026695,-16.5333965,-68.1027852,residential,17.160004884578974,-16.533342849999997,-68.10272735000001,-12.5766535,-6.0531087,6,0,0.0,lapaz
137,1784870676,1784870680,-16.4725369,-68.1209578,-16.4728648,-68.1211741,residential,43.14344566589767,-16.472700850000003,-68.12106595,-12.5109005,-6.4405174,8,0,0.0,lapaz
138,11395421015,11395421018,-16.5236458,-68.0661076,-16.5231343,-68.0664496,residential,67.55825301489178,-16.52339005,-68.0662786,-11.87116,-5.4263597,-1,0,0.0,lapaz
139,564763533,564763585,-16.4878074,-68.1386705,-16.4874539,-68.1391301,residential,62.898927641979945,-16.48763065,-68.1389003,-7.900535,1.7362984,-1,1,0.4865376129269623,lapaz
140,2867862991,8983503582,-16.5272724,-68.1313573,-16.5278114,-68.1316535,residential,68.13265490681181,-16.527541900000003,-68.13150540000001,-11.773704,-5.208657,-1,0,0.0,lapaz
141,2321141259,4379751906,-16.5282486,-68.0792686,-16.5281831,-68.0792888,residential,7.594930320151283,-16.528215850000002,-68.0792787,-12.085532,-6.5797753,-1,0,0.0,lapaz
142,1346553268,1346553270,-16.4994054,-68.0823161,-16.4998311,-68.0827477,residential,66.4717607221288,-16.49961825,-68.08253189999999,-12.026054,-5.9530425,-1,0,0.0,lapaz
143,10557439867,10557439877,-16.4518191,-68.0480733,-16.4513629,-68.0492075,residential,163.26603724411964,-16.451591,-68.0486404,-11.015853,-5.544538,-1,0,0.0,lapaz
144,560220226,11336566759,-16.5431155,-68.083216,-16.5431139,-68.0832731,residential,6.089016964115346,-16.5431147,-68.08324454999999,-12.479804,-5.497459,2,0,0.0,lapaz
145,2861601657,10602991502,-16.4680128,-68.1549556,-16.4678841,-68.1552219,residential,31.88361134158169,-16.46794845,-68.15508875,-12.313541,-6.15138,-1,0,0.0,lapaz
146,13016709862,13016709867,-16.5744314,-68.0876976,-16.574076,-68.0887461,residential,120.81871316048786,-16.5742537,-68.08822185,-12.200232,-5.7125974,-1,0,0.0,lapaz
147,6066709574,6066709599,-16.4406147,-68.1204426,-16.4405861,-68.1209415,residential,53.30200321875471,-16.4406004,-68.12069205,-12.089141,-6.4281178,-1,0,0.0,lapaz
148,1361257019,2866752552,-16.5174786,-68.1098635,-16.5177598,-68.1098534,residential,31.425969414189662,-16.5176192,-68.10985845,-12.109168,-5.7607045,-1,0,0.0,lapaz
149,2861519269,2861519271,-16.4418157,-68.1529686,-16.4420707,-68.1530776,residential,30.64512482594529,-16.441943199999997,-68.1530231,-11.945869,-6.177365,-1,0,0.0,lapaz
150,560244360,565826432,-16.5066864,-68.1368376,-16.5075244,-68.1365949,residential,108.62837922941578,-16.5071054,-68.13671625,-8.225539,1.5502828,4,0,0.34477532448133896,lapaz
151,2867949728,2867949730,-16.5516886,-68.0652069,-16.5516734,-68.0646526,residential,59.10562802662307,-16.551681,-68.06492975,-12.024373,-7.0284963,-1,0,0.0,lapaz
152,2865421815,5054636833,-16.4971762,-68.0692876,-16.4971532,-68.068273,residential,108.22663979638465,-16.4971647,-68.0687803,-11.739363,-6.4462624,-1,0,0.0,lapaz
153,10608722260,10608722261,-16.496484,-68.06387,-16.4964597,-68.0640878,residential,23.37807326916847,-16.49647185,-68.0639789,-12.04903,-6.3126535,-1,0,0.0,lapaz
154,1332230299,1332230315,-16.5316861,-68.0387512,-16.5312794,-68.0389675,residential,50.761817744437536,-16.531482750000002,-68.03885935,-12.22254,-5.8304505,3,0,0.0,lapaz
155,1498339305,1785193612,-16.5083721,-68.1460543,-16.5084621,-68.1463011,residential,28.54353176680048,-16.5084171,-68.14617770000001,-10.587546,-5.7791066,9,0,0.0,lapaz
156,1785037252,2864834357,-16.4797193,-68.1295145,-16.4806123,-68.1305373,residential,149.98608988299327,-16.4801658,-68.13002589999999,-12.339865,-5.886373,10,0,0.0,lapaz
157,2865723349,11148965631,-16.5132317,-68.0792097,-16.5129971,-68.0786173,residential,68.88564322119231,-16.5131144,-68.0789135,-12.154192,-6.5495944,-1,0,0.0,lapaz
158,1132462177,5304878779,-16.4995866,-68.1577212,-16.4996856,-68.1571432,residential,63.73577420571004,-16.4996361,-68.15743219999999,-12.414565,-5.908647,-1,0,0.0,lapaz
159,8976792196,8977095485,-16.4624677,-68.1407392,-16.4623282,-68.1406248,residential,19.981755312880125,-16.462397950000003,-68.140682,-11.600071,-5.6462646,-1,0,0.0,lapaz
160,1786103060,1786103062,-16.5411297,-68.0943974,-16.5413931,-68.0951205,residential,82.45476550849132,-16.5412614,-68.09475895,-11.878392,-5.673691,-1,0,0.0,lapaz
161,1531065045,1531065046,-16.5482002,-68.0773615,-16.5485198,-68.0770288,residential,50.20476872083714,-16.548360000000002,-68.07719515,-10.821996,-6.2117524,2,0,0.0,lapaz
162,6804288480,6804288483,-16.5658244,-68.0891623,-16.5654812,-68.0886111,residential,70.053791148386,-16.565652800000002,-68.08888669999999,-11.815164,-5.9506397,-1,0,0.0,lapaz
163,1333185827,13399364074,-16.5221926,-68.0630373,-16.5223061,-68.0628575,residential,22.94932588302919,-16.522249350000003,-68.06294740000001,-11.429902,-6.743016,-1,0,0.0,lapaz
164,1334734635,1334734670,-16.4871409,-68.077914,-16.4867939,-68.0776399,residential,50.31584664890513,-16.486967399999997,-68.07777695,-11.829547,-6.087451,-1,0,0.0,lapaz
165,1786081390,3791378936,-16.5307056,-68.1265184,-16.5318833,-68.126809,residential,184.14444781679427,-16.53129445,-68.1266637,-10.661616,-7.152154,-1,0,0.0,lapaz
166,2867899141,2867899189,-16.5477477,-68.0970638,-16.5477072,-68.0973146,residential,27.10936462139482,-16.54772745,-68.0971892,-11.776403,-6.3848186,-1,0,0.0,lapaz
167,2867899126,2867899200,-16.5475638,-68.0980139,-16.5471153,-68.0983633,residential,62.242437805974895,-16.54733955,-68.0981886,-11.965147,-6.4320087,-1,0,0.0,lapaz
168,1210163489,1210163505,-16.5331534,-68.0715567,-16.5327233,-68.0718431,residential,56.73878229879661,-16.532938350000002,-68.0716999,-11.902433,-6.8093047,-1,0,0.0,lapaz
169,1786102670,2867880955,-16.5324065,-68.1037719,-16.5326926,-68.1029432,residential,100.04061501131766,-16.53254955,-68.10335755,-11.266528,-5.8360105,6,0,0.0,lapaz
170,2454674186,2454674219,-16.5626281,-68.0995073,-16.562835,-68.1005807,residential,117.11240647892576,-16.562731550000002,-68.100044,-11.828864,-5.802781,-1,0,0.0,lapaz
171,560220184,560220191,-16.5438239,-68.0855267,-16.5430926,-68.086111,residential,107.93189419912416,-16.54345825,-68.08581885000001,-9.143817,-0.01922024,2,0,0.007761958039120129,lapaz
172,1332068775,1332068884,-16.4991863,-68.1011265,-16.4993529,-68.102314,residential,127.9551425200687,-16.4992696,-68.10172025,-11.4489155,-6.67929,-1,0,0.0,lapaz
173,322599617,1345733140,-16.4902028,-68.1123236,-16.4896202,-68.1116913,residential,98.4616084838024,-16.489911499999998,-68.11200745,-11.550606,-6.790116,1,0,0.0,lapaz
174,2864834327,8979129800,-16.4831253,-68.1310755,-16.4831571,-68.1310429,residential,4.958406856117941,-16.4831412,-68.1310592,-11.468583,-5.7455745,10,0,0.0,lapaz
175,1213979333,1213980140,-16.5133162,-68.1106179,-16.5139831,-68.1110274,residential,108.95864604638324,-16.513649649999998,-68.11082264999999,-10.670331,-5.968967,-1,0,0.0,lapaz
176,1786102833,1786102875,-16.5349174,-68.1007611,-16.5356578,-68.0992555,residential,184.5403264088224,-16.5352876,-68.1000083,-10.953545,-5.603529,6,0,0.0,lapaz
177,1437216231,1437216237,-16.4791824,-68.1429154,-16.4795136,-68.1424675,residential,60.50267388104815,-16.479348,-68.14269145,-7.961968,1.7036195,-1,1,0.4107223831526861,lapaz
178,565307336,4362292628,-16.4863973,-68.1229527,-16.4855088,-68.1237362,residential,138.72824651705028,-16.48595305,-68.12334444999999,-12.21407,-6.161859,10,0,0.0,lapaz
179,2863473413,2863473415,-16.488179,-68.1682251,-16.4876992,-68.167404,residential,102.5231917788524,-16.4879391,-68.16781455,-11.563713,-6.3496447,7,0,0.0,lapaz
180,3778821571,3778821573,-16.4950721,-68.1482635,-16.4950634,-68.1485657,residential,32.24548842656158,-16.49506775,-68.1484146,-11.319339,-5.6061206,-1,0,0.0,lapaz
181,565307419,1784894869,-16.483519,-68.119053,-16.482531,-68.1188966,residential,112.26808245635976,-16.483025,-68.11897479999999,-11.800683,-5.994582,8,0,0.0,lapaz
182,560220175,560220203,-16.5439327,-68.0851415,-16.5449246,-68.0848597,residential,114.3236863469883,-16.54442865,-68.0850006,-9.206806,1.5359799,2,0,0.17736640982712248,lapaz
183,2864525623,2864525650,-16.4785478,-68.1122759,-16.4785735,-68.110853,residential,152.70520800333824,-16.47856065,-68.11156445,-11.733306,-5.6829615,-1,0,0.0,lapaz
184,1210648116,1210648292,-16.4875176,-68.1632164,-16.4873298,-68.163203,residential,20.931256144342623,-16.4874237,-68.1632097,-11.525796,-5.865668,7,0,0.0,lapaz
185,5351900179,5650016974,-16.5231673,-68.0500993,-16.5223841,-68.0503602,residential,103.30799146823983,-16.5227757,-68.05022975,-11.137679,-6.617049,-1,0,0.0,lapaz
186,2038652727,5434439293,-16.4956055,-68.1158372,-16.4955348,-68.1154934,secondary,37.49200602031037,-16.49557015,-68.1156653,-9.200011,0.4979432,1,0,0.020704311239683023,lapaz
187,1589089941,4398129462,-16.5445268,-68.0635968,-16.5437296,-68.0638429,secondary,95.70124633146308,-16.5441282,-68.06371985,-8.318307,1.1134536,-1,0,0.20614654816520717,lapaz
188,4381341044,4381341048,-16.5274868,-68.1129055,-16.5289181,-68.1115321,secondary,219.7423274479431,-16.52820245,-68.1122188,-11.681125,-4.208815,-1,0,0.00942874034323533,lapaz
189,560220096,4307820746,-16.5453253,-68.0914042,-16.5454741,-68.0914784,secondary,18.887123392940406,-16.545399699999997,-68.0914413,-8.455937,2.2440624,-1,1,0.457082105854936,lapaz
190,1208361859,1785386807,-16.5249727,-68.1033677,-16.5256024,-68.1047355,secondary,164.63089906325754,-16.52528755,-68.1040516,-8.914321,0.87325895,-1,0,0.10157051822556047,lapaz
191,1498340392,4569411392,-16.5220772,-68.1474436,-16.5228067,-68.1474864,secondary,81.29394491685915,-16.52244195,-68.14746500000001,-9.186141,1.7534686,-1,0,0.19640789223186045,lapaz
192,560220475,560220479,-16.5421958,-68.0774212,-16.5414594,-68.077579,secondary,83.59530628977552,-16.541827599999998,-68.07750010000001,-9.311362,1.7581451,2,0,0.18972785838779646,lapaz
193,560220030,560220061,-16.5465705,-68.0779234,-16.5468175,-68.0763942,secondary,165.31553383186332,-16.546694000000002,-68.0771588,-8.821267,3.085781,2,1,0.7064468723652283,lapaz
194,4381259820,8737792878,-16.5238543,-68.0670356,-16.5233019,-68.0667268,secondary,69.70939651561736,-16.5235781,-68.0668812,-9.155154,0.9721414,-1,0,0.11173107810784916,lapaz
195,2680838232,13322079911,-16.4623565,-68.1520177,-16.4626102,-68.1522601,secondary,38.64481081554949,-16.46248335,-68.15213890000001,-7.5338893,1.3653164,-1,1,0.5306938246589935,lapaz
196,4374468196,4375136585,-16.5224541,-68.0911584,-16.5225934,-68.0911309,secondary,15.89080670781298,-16.52252375,-68.09114464999999,-8.5675125,1.3823586,-1,0,0.22353506105218693,lapaz
197,418097786,4382726726,-16.5199281,-68.1184313,-16.5157873,-68.1202957,secondary,907.4454248453402,-16.5178577,-68.11936349999999,-11.577634,-6.0392184,-1,0,0.0,lapaz
198,4750242898,4750242908,-16.4945589,-68.1211324,-16.494582,-68.1212172,secondary,9.399081665262235,-16.49457045,-68.1211748,-9.3592205,1.107632,1,0,0.09703783924042446,lapaz
199,322599166,5070860558,-16.5120645,-68.1178739,-16.5116609,-68.1181384,secondary,53.07352948110103,-16.511862700000002,-68.11800615000001,-8.5404005,2.1348927,-1,1,0.41066687360955206,lapaz
200,4392268996,6040647296,-16.5090683,-68.1355866,-16.5089286,-68.1354328,secondary,27.20660953399108,-16.50899845,-68.1355097,-9.303476,-0.42339173,4,0,0.01366847591509897,lapaz
201,322599395,11055718558,-16.4973171,-68.1193009,-16.4970491,-68.1194254,secondary,33.25209725761213,-16.4971831,-68.11936315,-9.144923,2.3085232,1,0,0.32006539334797335,lapaz
202,8983370867,8983370876,-16.5053358,-68.1142118,-16.505333,-68.1141759,secondary,3.887077618303989,-16.505334400000002,-68.11419385,-10.848432,-6.437817,-1,0,0.0,lapaz
203,1498340139,4365691594,-16.5199153,-68.1395415,-16.5198864,-68.1394395,secondary,11.78960641231491,-16.51990085,-68.1394905,-9.3984165,1.1595846,-1,0,0.0908348582836653,lapaz
204,560189029,560189036,-16.5165721,-68.0862381,-16.5153131,-68.0861932,secondary,140.07641882197638,-16.515942600000002,-68.08621565,-7.5893135,1.4918967,-1,1,0.6333905600554015,lapaz
205,4365707054,4365707063,-16.5151284,-68.1435519,-16.5124752,-68.1439045,secondary,304.9527776268449,-16.5138018,-68.1437282,-9.072424,1.9415718,9,0,0.2702286120889919,lapaz
206,561047803,561047842,-16.4987012,-68.140647,-16.4976915,-68.1417011,secondary,159.46580069792586,-16.49819635,-68.14117405,-8.51034,2.9335384,-1,1,1.5002816219426287,lapaz
207,560189001,11810453877,-16.5171445,-68.0876132,-16.5175756,-68.0876304,secondary,47.97125734060377,-16.51736005,-68.0876218,-8.2784,0.747312,-1,0,0.0857200416068202,lapaz
208,324100361,2865705987,-16.5089497,-68.1356725,-16.508901,-68.135658,secondary,5.631525925655749,-16.50892535,-68.13566525,-11.812736,-6.704311,4,0,0.0,lapaz
209,1784894643,1784894645,-16.4742461,-68.1168991,-16.4744711,-68.1170345,secondary,28.885860326836312,-16.4743586,-68.1169668,-7.825101,1.1086999,8,0,0.2034546853645925,lapaz
210,412861343,2387047999,-16.5046644,-68.1287609,-16.5053357,-68.1296826,secondary,123.47870810699747,-16.50500005,-68.12922175,-8.446705,2.9297795,-1,1,0.9265842259563484,lapaz
211,2861519700,2861519704,-16.4509497,-68.1493456,-16.4511377,-68.1493536,secondary,20.92207738984435,-16.4510437,-68.1493496,-12.038779,-6.7940493,-1,0,0.0,lapaz
212,6067167544,7061578450,-16.4523419,-68.1467664,-16.4512348,-68.1467204,tertiary,123.25441715135904,-16.45178835,-68.1467434,-11.232746,-6.1498485,-1,0,0.0,lapaz
213,4391309918,8979550285,-16.5107884,-68.1489071,-16.5102695,-68.1473845,tertiary,173.13758252133286,-16.51052895,-68.14814580000001,-7.8053513,1.448751,9,1,0.42302460522849245,lapaz
214,1208346073,4244380856,-16.5449301,-68.0767246,-16.5449872,-68.0763426,tertiary,41.3753865365328,-16.544958649999998,-68.0765336,-8.996565,2.4579942,2,0,0.36584848115098045,lapaz
215,2454687823,2454688248,-16.5423386,-68.1349486,-16.5421194,-68.1353201,tertiary,48.46952019908092,-16.542229,-68.13513435,-10.979273,-6.5747128,-1,0,0.0,lapaz
216,1498338912,1498338930,-16.5049094,-68.1453435,-16.5052321,-68.1460744,tertiary,85.78843472578531,-16.50507075,-68.14570895,-7.835838,1.8423841,9,1,0.8514227343022382,lapaz
217,1497134236,1497134243,-16.4910353,-68.1684226,-16.4914086,-68.168338,tertiary,42.47787813121498,-16.49122195,-68.1683803,-9.209719,1.2518651,-1,0,0.1258651344122001,lapaz
218,322599631,1345733164,-16.4924163,-68.1151929,-16.49165,-68.1142158,tertiary,134.59733970937003,-16.492033149999997,-68.11470435,-9.107401,0.74678844,1,0,0.11570821927282046,lapaz
219,595378784,2862910207,-16.4435545,-68.1447753,-16.4439299,-68.1447379,tertiary,42.10396475523436,-16.443742200000003,-68.1447566,-12.089959,-6.101166,-1,0,0.0,lapaz
220,324100586,8083319343,-16.495304,-68.1442659,-16.4955392,-68.1453755,tertiary,121.16121650995116,-16.4954216,-68.1448207,-8.641677,3.1775951,-1,1,1.966172570384156,lapaz
221,1333234188,1333234246,-16.5111489,-68.0578247,-16.5113332,-68.0582452,tertiary,49.42328543807695,-16.51124105,-68.05803495,-9.007067,1.8881032,-1,0,0.3185422412769398,lapaz
222,4379875841,4380887449,-16.5155513,-68.0617947,-16.5159007,-68.0612324,tertiary,71.43448524704614,-16.515726,-68.06151355,-11.25887,-6.007224,-1,0,0.0,lapaz
223,1333185797,1333185994,-16.5220295,-68.0628336,-16.5216952,-68.0623818,tertiary,62.03545067169748,-16.52186235,-68.0626077,-8.943244,0.11150085,-1,0,0.02659109925916712,lapaz
224,3367228711,4244380856,-16.5450192,-68.07597,-16.5449872,-68.0763426,tertiary,39.87495921312265,-16.5450032,-68.07615630000001,-8.705791,3.1494386,2,1,0.9594373256031753,lapaz
225,563631312,1785193373,-16.5015597,-68.148642,-16.501725,-68.1490007,tertiary,42.91524316418983,-16.50164235,-68.14882134999999,-10.753337,-6.7700973,-1,0,0.0,lapaz
226,595376699,595376700,-16.4495632,-68.1454435,-16.4495973,-68.1455829,tertiary,15.352135665512057,-16.44958025,-68.1455132,-11.34531,-6.259042,-1,0,0.0,lapaz
227,1437218623,6806539031,-16.455673,-68.1493287,-16.4568201,-68.1488561,tertiary,137.21086071397758,-16.456246550000003,-68.1490924,-8.25487,2.3825955,-1,1,0.5693014770750059,lapaz
228,4378724453,8959134357,-16.5337665,-68.0373953,-16.5337679,-68.0371931,primary,21.66267062610656,-16.5337672,-68.03729419999999,-9.165652,0.4963088,3,0,0.03802467274506206,lapaz
229,566525673,566525715,-16.5263352,-68.1266298,-16.5260863,-68.1259246,primary,85.87778536286133,-16.526210749999997,-68.1262772,-8.131649,2.1032238,-1,1,0.4328208805308095,lapaz
230,560220607,4399931984,-16.5393781,-68.0753466,-16.5399375,-68.0747494,primary,89.41449480866311,-16.5396578,-68.07504800000001,-9.445525,1.8413861,2,0,0.18307657056489895,lapaz
231,7357621096,8409080929,-16.5041305,-68.1309495,-16.5040387,-68.1312584,primary,40.904282251767945,-16.5040846,-68.13110395,-8.562159,3.0865312,4,1,0.7950385442970825,lapaz
232,8979176620,8979176622,-16.5336729,-68.1417643,-16.533234,-68.1418775,primary,50.3050555894753,-16.53345345,-68.1418209,-8.852129,0.86945015,-1,0,0.10993850835388494,lapaz
233,418101081,4381304826,-16.5304822,-68.1021579,-16.530381,-68.1020993,primary,15.26383964252351,-16.5304316,-68.1021286,-8.757767,3.0904899,6,1,0.7075589949197871,lapaz
234,412903964,3942449233,-16.5301729,-68.1007152,-16.5302187,-68.1006348,primary,9.96950182277548,-16.5301958,-68.100675,-9.277356,2.2289073,6,0,0.2463695451238952,lapaz
235,560220278,560220526,-16.5387389,-68.0827336,-16.538749,-68.0810553,primary,179.54187440829315,-16.538743949999997,-68.08189445,-9.156305,2.2128642,-1,0,0.2621752168311226,lapaz
236,321807187,413770632,-16.5014636,-68.1209126,-16.5026759,-68.1208583,primary,134.93512758058142,-16.50206975,-68.12088545,-9.054693,2.7914057,-1,0,0.48966016716265104,lapaz
237,5430623523,9849523163,-16.3926766,-68.1050693,-16.3921644,-68.1044467,primary,87.54948879460103,-16.3924205,-68.104758,-11.313023,-6.5961986,-1,0,0.0,lapaz
238,1368673892,13370467417,-16.3445555,-68.0588845,-16.3365096,-68.0501071,primary,1374.3308553984584,-16.34053255,-68.05449580000001,-9.075501,1.2409346,-1,0,0.1338624328829213,lapaz
239,321807050,1784870852,-16.4772547,-68.119579,-16.4762765,-68.1190369,primary,123.23690396265948,-16.4767656,-68.11930795,-8.785396,2.412137,8,0,0.3915229857792909,lapaz
240,10616236224,10616236229,-16.3984079,-68.0451598,-16.3986309,-68.0454914,unclassified,58.19185981586348,-16.398519399999998,-68.0453256,-8.477656,0.5984914,-1,0,0.12164617541658257,lapaz
241,588602928,588656764,-16.364591,-68.0889997,-16.3812347,-68.0918053,unclassified,1928.6211038587264,-16.37291285,-68.09040250000001,-8.198188,1.5353296,-1,0,0.3511230134253112,lapaz
242,1440157885,2529292678,-16.449693,-68.0088748,-16.4478729,-68.0038507,unclassified,629.3816511805744,-16.448782950000002,-68.00636275,-11.459482,-7.013348,-1,0,0.0,lapaz
243,1847293843,9851033143,-16.3772801,-68.1176825,-16.378244,-68.1195067,unclassified,1225.9758559522895,-16.37776205,-68.1185946,-10.887135,-5.870347,-1,0,0.0,lapaz
244,417133816,417133873,-16.3273742,-67.9889561,-16.3267885,-68.0010095,trunk,1344.4922646212715,-16.32708135,-67.9949828,-7.559803,1.4108362,-1,1,0.8220410098595475,lapaz
245,412969711,1784898473,-16.4592487,-68.1034279,-16.4597451,-68.1041087,trunk,91.29147317288576,-16.459496899999998,-68.1037683,-10.892806,-7.13111,-1,0,0.0,lapaz
246,418105515,4381341057,-16.5295798,-68.110261,-16.529518,-68.1102982,secondary_link,7.933957350909552,-16.5295489,-68.1102796,-9.020942,2.7842894,-1,1,0.49798108152858683,lapaz
247,1214030589,1882952320,-16.5270172,-68.1115444,-16.5278912,-68.1111024,secondary_link,117.12319302324023,-16.5274542,-68.1113234,-8.888195,2.8987029,-1,1,0.5314346228020627,lapaz
248,4401322923,4401322924,-16.5374082,-68.0484524,-16.5374573,-68.0484324,primary_link,5.861153555252722,-16.53743275,-68.0484424,-9.058445,-0.0038705443,-1,0,0.01073272980626859,lapaz
249,11269434409,11269434442,-16.5498045,-68.0723687,-16.5498095,-68.0724239,tertiary_link,5.909897697120459,-16.549807,-68.07239630000001,-11.540399,-6.4075923,-1,0,0.0,lapaz
1000,577449823,577449803,-16.5477548,-68.1848121,-16.5482467,-68.1853155,residential,76.62140266239079,-16.5482467,-68.1853155,-4.113946,3.9952502,-1,0,0.0,el_alto
1001,568585836,568485553,-16.5337937,-68.1801499,-16.5334545,-68.1804994,residential,53.01505900941044,-16.5334545,-68.1804994,-4.6899996,3.6811957,-1,0,0.0,el_alto
1002,6438999257,6438999258,-16.453459,-68.1613314,-16.4524619,-68.1610093,residential,116.07160030898936,-16.4524619,-68.1610093,-3.6708739,3.209299,-1,0,0.0,el_alto
1003,2504760931,2504760747,-16.4816757,-68.2544675,-16.4818426,-68.2540414,residential,49.07757269312162,-16.4818426,-68.2540414,-4.6293745,2.5962956,-1,0,0.0,el_alto
1004,579083263,579083269,-16.4971394,-68.1979155,-16.4961588,-68.1976359,residential,113.03946845743324,-16.4970547,-68.1978914,-4.297552,2.8213072,-1,0,0.0,el_alto
1005,5517435716,2502948527,-16.4917418,-68.2548507,-16.4916894,-68.2548198,residential,6.693561400534247,-16.4916894,-68.2548198,-4.4155664,3.7898571,-1,0,0.0,el_alto
1006,2488308980,2488308989,-16.5196846,-68.2442131,-16.5192368,-68.2442161,residential,49.79418555228288,-16.5192368,-68.2442161,-4.085117,3.7468848,-1,0,0.0,el_alto
1007,1351414075,1351100829,-16.5791288,-68.1899271,-16.57933,-68.1882151,residential,183.81827357824253,-16.57933,-68.1882151,-4.5793324,3.3903003,-1,0,0.0,el_alto
1008,1786137630,1786137673,-16.5444143,-68.2137962,-16.5446977,-68.214159,residential,49.88511692150931,-16.5446977,-68.214159,-3.8575792,3.6498318,-1,0,0.0,el_alto
1009,8959677623,8959677622,-16.5019747,-68.1971375,-16.5022502,-68.1961935,residential,105.47704903774776,-16.5022277,-68.1962391,-3.809647,2.9711652,-1,0,0.0,el_alto
1010,8983105507,10098918981,-16.4921749,-68.2832864,-16.4929336,-68.2838142,residential,101.41011409813154,-16.4929336,-68.2838142,-4.547104,2.8056803,-1,0,0.0,el_alto
1011,2467403372,2467403376,-16.6273511,-68.1868191,-16.6274334,-68.1872375,residential,45.50828950233715,-16.6274334,-68.1872375,-3.9523125,2.694159,-1,0,0.0,el_alto
1012,10092624839,10092624838,-16.4673779,-68.2359138,-16.4674501,-68.2359599,residential,9.413751262372104,-16.4674501,-68.2359599,-4.410681,3.3745995,-1,0,0.0,el_alto
1013,10589299580,5520742093,-16.5660331,-68.207205,-16.5663127,-68.2074627,residential,41.48436824095159,-16.5663127,-68.2074627,-4.4775314,3.1074197,-1,0,0.0,el_alto
1014,5327649302,2507173672,-16.4792698,-68.2482781,-16.478742,-68.2481579,residential,60.07193498936832,-16.478742,-68.2481579,-5.1534114,3.5445874,-1,0,0.0,el_alto
1015,2428223003,2428223078,-16.5403749,-68.1503338,-16.5394475,-68.150097,residential,107.26056301044184,-16.5400278,-68.1502922,-3.6808577,3.2621548,-1,0,0.0,el_alto
1016,1498622524,1498622518,-16.5863774,-68.1918672,-16.5862294,-68.1915906,residential,37.70502971746251,-16.5863723,-68.1917243,-6.303412,2.8919504,-1,0,0.0,el_alto
1017,2426922344,2426922067,-16.5211939,-68.1960064,-16.5208681,-68.1957131,residential,47.85448719732199,-16.5208681,-68.1957131,-4.80813,4.785794,-1,0,0.0,el_alto
1018,572352059,2869606145,-16.5432964,-68.162979,-16.5437721,-68.1632674,residential,61.17966619968045,-16.5437721,-68.1632674,-5.602183,4.9700575,-1,0,0.0,el_alto
1019,568648460,568648454,-16.5342689,-68.1833494,-16.534166,-68.1832217,residential,17.782513053116485,-16.534166,-68.1832217,-4.4898024,5.4537797,-1,0,0.0,el_alto
1020,1292304299,1786204469,-16.5368826,-68.2010309,-16.536593,-68.200679,residential,49.43737413256176,-16.536593,-68.200679,-3.7145882,3.3720365,-1,0,0.0,el_alto
1021,2419585593,2419585583,-16.5333893,-68.221205,-16.5333967,-68.2217684,residential,60.06273380267251,-16.5333967,-68.2217684,-6.307198,3.8173668,-1,0,0.0,el_alto
1022,1362336079,1362336108,-16.4893383,-68.221408,-16.489255,-68.2218107,residential,43.924379917932434,-16.489255,-68.2218107,-3.317773,5.2632585,-1,0,0.0,el_alto
1023,581373038,581373026,-16.5077574,-68.2048548,-16.5088942,-68.2059713,residential,173.62938440746555,-16.5088942,-68.2059713,-5.4808207,1.9997631,-1,0,0.0,el_alto
1024,414448174,414448176,-16.4817191,-68.180186,-16.481233,-68.1799333,residential,60.39548545620033,-16.481233,-68.1799333,-4.2600355,4.199963,-1,0,0.0,el_alto
1025,1360255585,1360255577,-16.554058,-68.2042914,-16.5533822,-68.2037003,residential,98.06258965049057,-16.5533822,-68.2037003,-3.5126696,5.1546087,-1,0,0.0,el_alto
1026,10102596988,10102596982,-16.5093852,-68.2139426,-16.5088546,-68.2129997,residential,135.43467604680254,-16.509412,-68.2134325,-3.7798736,3.3292687,-1,0,0.0,el_alto
1027,2467462479,5521332471,-16.6290988,-68.1771961,-16.6294457,-68.1771786,residential,38.61861107777693,-16.6294457,-68.1771786,-5.359734,4.583811,-1,0,0.0,el_alto
1028,2504760561,5517435853,-16.4890808,-68.2635035,-16.4893333,-68.262989,residential,61.62463972746781,-16.4893333,-68.262989,-3.9453719,5.1786237,-1,0,0.0,el_alto
1029,1497169216,1786232093,-16.4951815,-68.2140988,-16.4949465,-68.2142018,residential,28.34465539644089,-16.4949465,-68.2142018,-5.804831,4.7816715,-1,0,0.0,el_alto
1030,8977248461,5517398129,-16.4919696,-68.2486852,-16.4921916,-68.2481828,residential,58.98042561026876,-16.4921916,-68.2481828,-4.1303773,3.8458252,-1,0,0.0,el_alto
1031,1361580834,1361580835,-16.4691423,-68.1994522,-16.4685893,-68.1996761,residential,65.96326433313604,-16.4685893,-68.1996761,-5.7019196,2.3832579,-1,0,0.0,el_alto
1032,2322491210,2322491209,-16.6112149,-68.1767175,-16.6112019,-68.1754848,residential,131.3577384900676,-16.6112019,-68.1754848,-5.769696,2.823964,-1,0,0.0,el_alto
1033,5264050196,5264050197,-16.588599,-68.2126759,-16.5882018,-68.2129247,residential,51.51392069008137,-16.5882018,-68.2129247,-5.0303326,5.31419,-1,0,0.0,el_alto
1034,1357643310,1357643278,-16.4784811,-68.2229651,-16.4788221,-68.2223994,residential,71.24719066386176,-16.4788221,-68.2223994,-6.090208,3.521217,-1,0,0.0,el_alto
1035,2412244408,2412244331,-16.5845229,-68.1947508,-16.5835427,-68.1938875,residential,142.63186829171332,-16.5841081,-68.1943855,-4.099287,5.287262,-1,0,0.0,el_alto
1036,5327649436,2504096004,-16.4892999,-68.2409432,-16.4892763,-68.2416784,residential,78.43236545276773,-16.4892986,-68.2409837,-5.5324273,4.663724,-1,0,0.0,el_alto
1037,1786188474,1786188475,-16.5299097,-68.224122,-16.5299089,-68.2244526,residential,35.24192030417614,-16.5299089,-68.2244526,-4.259611,4.9341335,-1,0,0.0,el_alto
1038,571251488,568239517,-16.5327657,-68.1555438,-16.5329298,-68.1565648,residential,116.30946237344656,-16.5328094,-68.1560999,-2.998369,4.207051,-1,0,0.24231899840580984,el_alto
1039,8979761507,2504760814,-16.4861813,-68.2624319,-16.4864635,-68.2627085,residential,43.39948478682668,-16.486373,-68.2626499,-6.02187,4.291457,-1,0,0.0,el_alto
1040,2488419916,1358987146,-16.5049467,-68.2390921,-16.5046664,-68.2387367,residential,49.06246475561395,-16.5046664,-68.2387367,-4.671363,4.3862376,-1,0,0.0,el_alto
1041,5130890233,5130890232,-16.4756516,-68.2883737,-16.4759146,-68.2879783,residential,51.31082782356008,-16.4759146,-68.2879783,-6.1169453,3.9101322,-1,0,0.0,el_alto
1042,564523829,581373061,-16.5062301,-68.2064868,-16.5065337,-68.2061559,residential,48.828287034935954,-16.5065337,-68.2061559,-3.0932102,4.8398566,-1,0,0.0,el_alto
1043,8977046580,8977046576,-16.6094179,-68.2359851,-16.6097651,-68.2363709,residential,56.39550019950698,-16.6097651,-68.2363709,-4.342766,4.6370435,-1,0,0.0,el_alto
1044,4596918755,3780217031,-16.5886486,-68.1776641,-16.588585,-68.1779639,residential,42.65723601182131,-16.5885085,-68.1777842,-5.5801854,2.3351765,-1,0,0.0,el_alto
1045,5514750953,5514750964,-16.4639999,-68.2629861,-16.4641136,-68.26313,residential,19.882360979131587,-16.4641136,-68.26313,-2.7538033,2.982857,-1,0,0.0,el_alto
1046,10092624848,10092624860,-16.4663104,-68.2328772,-16.4655902,-68.2324357,residential,93.08612587142616,-16.4657577,-68.2325117,-5.9359694,4.4708757,-1,0,0.0,el_alto
1047,1499703158,1499703157,-16.4972836,-68.2119656,-16.4971563,-68.2115996,residential,41.51008046290138,-16.4971563,-68.2115996,-4.482959,4.5332665,-1,0,0.0,el_alto
1048,1357675508,2488392498,-16.5108526,-68.2377212,-16.5112982,-68.2377185,residential,49.54936540763311,-16.5112982,-68.2377185,-5.645494,4.3224597,-1,0,0.0,el_alto
1049,5517435931,2504777374,-16.4816603,-68.2622516,-16.4815266,-68.2628387,residential,64.34135618622358,-16.4815266,-68.2628387,-6.144162,2.8829057,-1,0,0.0,el_alto
1050,568931877,568931785,-16.5397847,-68.182478,-16.5402009,-68.1827538,residential,54.82755681927555,-16.5402009,-68.1827538,-5.347955,4.5221734,-1,0,0.0,el_alto
1051,572266493,4012162865,-16.5395611,-68.1590503,-16.5396896,-68.158778,residential,32.35194375091577,-16.5396896,-68.158778,-5.9515686,4.0279655,-1,0,0.0,el_alto
1052,568648478,568648473,-16.5333664,-68.1823399,-16.5338186,-68.1819011,residential,68.6747460252004,-16.5338186,-68.1819011,-4.0019083,3.0919335,-1,0,0.0,el_alto
1053,5504039361,5241806932,-16.4829663,-68.241032,-16.4838653,-68.2410347,residential,99.96972963621889,-16.4830708,-68.2410353,-4.656375,5.0220585,-1,0,0.0,el_alto
1054,412479568,412487178,-16.514364,-68.1583978,-16.5150973,-68.1579545,residential,94.24493026651814,-16.5150973,-68.1579545,-3.1253705,4.3384495,-1,1,0.7198412798895125,el_alto
1055,2500854769,8979325525,-16.495264,-68.2594588,-16.4948304,-68.2592226,residential,54.39493771359188,-16.4948304,-68.2592226,-4.2539577,4.63161,-1,0,0.0,el_alto
1056,2510239779,2510239609,-16.4802569,-68.1739694,-16.4808184,-68.1726709,residential,151.88154816869258,-16.4808184,-68.1726709,-5.7895117,3.5853622,-1,0,0.0,el_alto
1057,1786282898,1786282882,-16.458935,-68.1775904,-16.4585478,-68.1779981,residential,61.18763629159277,-16.4585478,-68.1779981,-5.03833,3.9418254,-1,0,0.0,el_alto
1058,6968057150,2500854887,-16.4857945,-68.2610475,-16.4857464,-68.2611659,residential,13.710521694934176,-16.4857464,-68.2611659,-4.89467,4.5585623,-1,0,0.0,el_alto
1059,2460316778,2460334807,-16.6132686,-68.1737126,-16.6129574,-68.1740178,residential,47.53582283746259,-16.6130032,-68.1739626,-6.050844,3.2099502,-1,0,0.0,el_alto
1060,2483267714,2483267744,-16.5425322,-68.2317894,-16.542496,-68.2318238,residential,5.445001771367524,-16.542496,-68.2318238,-5.1654325,4.828697,-1,0,0.0,el_alto
1061,1292342822,1292342824,-16.5410627,-68.2178209,-16.5414239,-68.2175231,residential,51.19344069995167,-16.5414239,-68.2175231,-5.7848673,3.8898492,-1,0,0.0,el_alto
1062,6439718286,8328669604,-16.4503999,-68.1724969,-16.4508227,-68.1721322,residential,61.015549287687065,-16.4508227,-68.1721322,-4.4029036,4.386359,-1,0,0.0,el_alto
1063,2322548376,2322551135,-16.6019607,-68.1825384,-16.6016457,-68.182148,residential,54.382806732140594,-16.6016457,-68.182148,-4.141957,4.1502,-1,0,0.0,el_alto
1064,1786242087,1352576693,-16.492881,-68.2230423,-16.4942951,-68.2224991,residential,167.56776658776377,-16.4942951,-68.2224991,-2.9647486,2.781785,-1,0,0.0,el_alto
1065,2504777520,2504777533,-16.4783202,-68.263996,-16.4785192,-68.2631845,residential,89.31311670421546,-16.4785192,-68.2631845,-4.228859,1.7997872,-1,0,0.0,el_alto
1066,1691016027,12718679154,-16.467584,-68.1731561,-16.4676267,-68.1731765,residential,5.22262914248713,-16.4676267,-68.1731765,-4.3393526,3.9382336,-1,0,0.0,el_alto
1067,568931951,568931940,-16.5328269,-68.1850576,-16.5324734,-68.1854439,residential,56.92777536704354,-16.5324734,-68.1854439,-4.7764273,4.7287555,-1,0,0.0,el_alto
1068,2510182787,2510182779,-16.4784383,-68.1990702,-16.4786274,-68.19874,residential,41.00944151290314,-16.4786274,-68.19874,-3.24874,2.1457603,-1,0,0.0,el_alto
1069,8959655372,2506182619,-16.4685666,-68.2616269,-16.4693185,-68.260515,residential,156.11978930217862,-16.4686953,-68.2616508,-4.660098,4.4433556,-1,0,0.0,el_alto
1070,1786242045,1786242060,-16.4919809,-68.2220494,-16.4922373,-68.222767,residential,81.65013895458006,-16.4922373,-68.222767,-5.6870904,4.152605,-1,0,0.0,el_alto
1071,581387508,581387441,-16.5606133,-68.1884889,-16.5619169,-68.1891018,residential,158.99337185178086,-16.5619169,-68.1891018,-4.5248146,4.2119966,-1,0,0.0,el_alto
1072,2488272373,2488272384,-16.5182843,-68.2393308,-16.5182573,-68.2376947,residential,175.00943250647745,-16.5182804,-68.2377443,-4.692745,3.742674,-1,0,0.0,el_alto
1073,1510285526,1510285532,-16.5944265,-68.1918349,-16.5946765,-68.1920756,residential,37.82445136677664,-16.5946765,-68.1920756,-4.3900905,1.9510164,-1,0,0.0,el_alto
1074,2510150463,2518922985,-16.4720358,-68.2036196,-16.471697,-68.204277,residential,79.58138496378767,-16.471697,-68.204277,-4.9312506,4.1820865,-1,0,0.0,el_alto
1075,2466291977,2466291985,-16.5892793,-68.2002053,-16.5893873,-68.2000602,residential,19.578474522905317,-16.5893873,-68.2000602,-5.536927,4.234611,-1,0,0.0,el_alto
1076,10092624614,5113533095,-16.461265,-68.2644153,-16.4619664,-68.2650776,residential,105.22843367778049,-16.461333,-68.2644852,-5.2031856,4.433967,-1,0,0.0,el_alto
1077,412337577,412337710,-16.5157903,-68.1645118,-16.5168957,-68.1648834,residential,129.14128018933562,-16.5168957,-68.1648834,-4.8198814,4.3530197,-1,0,0.0,el_alto
1078,2502971685,2502971755,-16.48412,-68.2463019,-16.4843219,-68.2458955,residential,48.802693826034535,-16.4843219,-68.2458955,-4.3215704,4.283038,-1,0,0.0,el_alto
1079,10107517546,10107517548,-16.6080466,-68.1968043,-16.6084682,-68.1964308,residential,61.49519685295444,-16.6084682,-68.1964308,-4.275439,3.8457613,-1,0,0.0,el_alto
1080,2485420994,1786322019,-16.5423966,-68.2162255,-16.5419183,-68.2166643,residential,70.82589682200496,-16.5419183,-68.2166643,-5.5090837,3.8975215,-1,0,0.0,el_alto
1081,2460316841,2460316731,-16.6120363,-68.1707244,-16.6116356,-68.1711204,residential,61.36515688584679,-16.6116356,-68.1711204,-3.2717485,3.3449955,-1,0,0.0,el_alto
1082,8977046579,8977046577,-16.6091385,-68.2374082,-16.6089288,-68.2371714,residential,34.356731074981425,-16.6089288,-68.2371714,-4.510312,4.1379256,-1,0,0.0,el_alto
1083,5130889740,10092624596,-16.474545,-68.2832084,-16.474032,-68.2830123,residential,60.77966269912041,-16.4742428,-68.2830847,-5.845613,3.3695376,-1,0,0.0,el_alto
1084,5514751271,5514751273,-16.4668511,-68.28864,-16.4663571,-68.2883795,residential,61.554674316873935,-16.4663571,-68.2883795,-4.8317394,4.168953,-1,0,0.0,el_alto
1085,2504760611,2504760747,-16.4825413,-68.2543318,-16.4818426,-68.2540414,residential,83.6350766869083,-16.4818426,-68.2540414,-3.7365608,1.9437816,-1,0,0.0,el_alto
1086,5520736416,5520736378,-16.5840257,-68.1999404,-16.58315,-68.199323,residential,120.62684843194276,-16.5837014,-68.1998152,-5.8231688,3.3318808,-1,0,0.0,el_alto
1087,10270276389,5522569547,-16.6116449,-68.1599405,-16.6112624,-68.1603895,residential,64.01505288617248,-16.6112624,-68.1603895,-5.3599186,4.2770076,-1,0,0.0,el_alto
1088,5520736381,5520736380,-16.5821891,-68.2009036,-16.5822381,-68.2008157,residential,10.836877870858372,-16.5822381,-68.2008157,-5.8748956,2.998713,-1,0,0.0,el_alto
1089,1497042235,412330043,-16.5080803,-68.1561179,-16.5082551,-68.1563526,residential,31.68406496049195,-16.5082551,-68.1563526,-3.0123458,4.023363,-1,1,0.8605967365107077,el_alto
1090,12714671584,2869631883,-16.5550966,-68.2428639,-16.5556567,-68.2429408,residential,73.40285297158837,-16.5552401,-68.2427257,-2.8846354,3.3723,-1,0,0.0,el_alto
1091,2484848128,1786188526,-16.5314506,-68.21333,-16.5312413,-68.2129567,residential,46.099309416587566,-16.5312413,-68.2129567,-4.9464107,3.988294,-1,0,0.0,el_alto
1092,2504096115,2504096083,-16.4958554,-68.2432969,-16.4958916,-68.2423704,residential,98.86384745256896,-16.4958916,-68.2423704,-5.160828,4.184354,-1,0,0.0,el_alto
1093,5327907480,2510155575,-16.4645393,-68.1996989,-16.4641861,-68.1987626,residential,107.28967401696588,-16.4641861,-68.1987626,-3.7514148,4.0292077,-1,0,0.0,el_alto
1094,2504642490,1786242074,-16.4926726,-68.2302068,-16.4926814,-68.2307297,residential,55.76022434093976,-16.4926814,-68.2307297,-5.239896,3.9385934,-1,0,0.0,el_alto
1095,2466291804,5520899274,-16.5902802,-68.1982042,-16.5903983,-68.198259,residential,14.441434037022834,-16.5903374,-68.198238,-4.7974405,2.0010488,-1,0,0.0,el_alto
1096,2502971660,2502971761,-16.4837844,-68.2480373,-16.4833574,-68.2478173,residential,52.95879732926159,-16.4833574,-68.2478173,-5.4172053,3.9115205,-1,0,0.0,el_alto
1097,8956392699,8956392698,-16.4522607,-68.1794009,-16.4522294,-68.1794374,residential,5.221527939639916,-16.4522294,-68.1794374,-4.542985,3.5834892,-1,0,0.0,el_alto
1098,2322548310,2322548392,-16.6009839,-68.1869447,-16.6022328,-68.188383,residential,206.8223447805889,-16.6022328,-68.188383,-4.724355,4.0339627,-1,0,0.0,el_alto
1099,4390010911,4390089177,-16.5135016,-68.1568276,-16.5127466,-68.1572753,residential,96.57132790726877,-16.5127466,-68.1572753,-2.8952255,4.2618937,-1,0,0.29350154496633923,el_alto
1100,10107517410,2466354827,-16.6020163,-68.2028857,-16.6020899,-68.2028142,residential,11.181526203839196,-16.6020899,-68.2028142,-4.5924325,3.910668,-1,0,0.0,el_alto
1101,2504642481,1502872622,-16.4857902,-68.231048,-16.4862381,-68.2310419,residential,49.8085247081667,-16.4862381,-68.2310419,-5.1866293,3.7261872,-1,0,0.0,el_alto
1102,1786204606,1786204602,-16.5398592,-68.1994757,-16.5396059,-68.1992415,residential,37.63676181111508,-16.5396059,-68.1992415,-2.876088,4.257963,-1,1,0.5299524401336604,el_alto
1103,2322548107,2322548021,-16.5989987,-68.1986699,-16.5980225,-68.1979823,residential,130.96394965246034,-16.5980225,-68.1979823,-5.440223,2.8235009,-1,0,0.0,el_alto
1104,2460316718,2460316708,-16.6111806,-68.1731414,-16.6111809,-68.1743886,residential,132.89484868106973,-16.6111809,-68.1743886,-3.0036273,3.1260016,-1,0,0.0,el_alto
1105,2870563344,2870563342,-16.568366,-68.2138831,-16.5686861,-68.2141601,residential,46.24346918248499,-16.5686861,-68.2141601,-5.6425447,3.5538425,-1,0,0.0,el_alto
1106,580504914,580504917,-16.5042318,-68.2018623,-16.5046098,-68.2021889,residential,54.581131462737176,-16.5046098,-68.2021889,-5.088219,2.2583804,-1,0,0.0,el_alto
1107,10098919108,5130890048,-16.4786053,-68.2838436,-16.4785133,-68.2840055,residential,20.066506789871173,-16.4785133,-68.2840055,-4.971179,3.652451,-1,0,0.0,el_alto
1108,2484781295,2484781350,-16.5343264,-68.2304413,-16.5338852,-68.2304505,residential,49.06907199733915,-16.5338852,-68.2304505,-5.3649364,2.1745481,-1,0,0.0,el_alto
1109,2488309065,13801675777,-16.5186622,-68.2466542,-16.5179607,-68.2466666,residential,78.0145515868117,-16.5179607,-68.2466666,-4.7195535,4.0354223,-1,0,0.0,el_alto
1110,1427815300,2508887447,-16.4760802,-68.2107641,-16.4763366,-68.2102561,residential,61.21252762024274,-16.4763366,-68.2102561,-5.0877924,3.7876692,-1,0,0.0,el_alto
1111,10313395858,8983225052,-16.4968574,-68.2874613,-16.4964188,-68.2880129,residential,76.4015415888496,-16.4964188,-68.2880129,-3.2827494,3.6241534,-1,0,0.0,el_alto
1112,2426921978,5519082947,-16.5266329,-68.2037986,-16.5265974,-68.2038383,residential,5.787280692828556,-16.5265974,-68.2038383,-4.4641623,3.848191,-1,0,0.0,el_alto
1113,1786204525,1786204510,-16.5375983,-68.1965666,-16.5371915,-68.1970095,residential,65.3836195605676,-16.5371915,-68.1970095,-5.245539,3.448825,-1,0,0.0,el_alto
1114,1433261115,1433261095,-16.4809797,-68.2108211,-16.4814642,-68.2110603,residential,59.60634569878369,-16.4814642,-68.2110603,-4.555112,2.1288972,-1,0,0.0,el_alto
1115,2510150290,2510150321,-16.4690759,-68.2154754,-16.4685752,-68.2150793,residential,69.88380985971,-16.4685752,-68.2150793,-4.779633,3.7964346,-1,0,0.0,el_alto
1116,8951523768,8951523784,-16.4546598,-68.2144922,-16.4557466,-68.2153063,residential,188.4781570725246,-16.4556437,-68.2146277,-4.900405,3.365699,-1,0,0.0,el_alto
1117,2504096080,9964968188,-16.4949048,-68.2451627,-16.4948905,-68.2456292,residential,49.76310546793368,-16.4948905,-68.2456292,-5.161674,2.4230535,-1,0,0.0,el_alto
1118,8979176060,2467487992,-16.6346376,-68.1726536,-16.6374795,-68.1740929,residential,353.7671247571808,-16.6362267,-68.1734393,-5.3658576,2.5501938,-1,0,0.0,el_alto
1119,2467533962,2467534149,-16.6448853,-68.1733895,-16.6453642,-68.1736347,residential,59.31350245856286,-16.6453642,-68.1736347,-4.4977956,3.587215,-1,0,0.0,el_alto
1120,2510239890,2510239757,-16.4670485,-68.1698675,-16.4670026,-68.1700702,residential,22.209161028944028,-16.4670026,-68.1700702,-4.4800034,4.0794287,-1,0,0.0,el_alto
1121,2510239622,2510239895,-16.4801886,-68.1741229,-16.4798351,-68.1749108,residential,92.75236367466586,-16.4798351,-68.1749108,-5.1736646,2.749073,-1,0,0.0,el_alto
1122,2871767750,2486715018,-16.5136307,-68.2272561,-16.5138453,-68.2275147,residential,36.46181825672108,-16.5138453,-68.2275147,-5.3913417,2.9604287,-1,0,0.0,el_alto
1123,2508479679,2508479677,-16.4990985,-68.1942234,-16.4990185,-68.19371,residential,73.9303419779389,-16.4992203,-68.1937647,-3.6665275,2.1146822,-1,0,0.0,el_alto
1124,2426922178,2426922349,-16.5155687,-68.1983547,-16.5156292,-68.1977022,residential,70.04369330454051,-16.5156202,-68.1978907,-5.342413,3.1799831,-1,0,0.0,el_alto
1125,2426710305,5519443142,-16.5287203,-68.1945154,-16.5278691,-68.1952723,residential,124.3731909625196,-16.5278691,-68.1952723,-4.366054,3.3660686,-1,0,0.0,el_alto
1126,5242924538,5242924537,-16.4581998,-68.1657005,-16.4586552,-68.1653526,residential,62.77434129690725,-16.4586552,-68.1653526,-5.2788377,3.3034906,-1,0,0.0,el_alto
1127,2488477236,5517239107,-16.5109967,-68.2171193,-16.5113345,-68.2173681,residential,45.982958070685,-16.5113345,-68.2173681,-5.5718036,3.4796872,-1,0,0.0,el_alto
1128,5517467346,5517467347,-16.4870522,-68.2818999,-16.4868337,-68.2822122,residential,41.21999012521363,-16.4868337,-68.2822122,-3.8993857,2.1902878,-1,0,0.0,el_alto
1129,1786379763,1502813326,-16.5214742,-68.2384041,-16.5214729,-68.2367694,residential,174.26594096524755,-16.5214729,-68.2367694,-5.170351,3.0723593,-1,0,0.0,el_alto
1130,4912022324,4912022325,-16.5166019,-68.2851284,-16.515974,-68.2853792,residential,74.76374460084992,-16.515974,-68.2853792,-4.9698143,2.5412714,-1,0,0.0,el_alto
1131,2507416911,2507416862,-16.4854493,-68.2248401,-16.4853338,-68.2253324,residential,54.0393622186508,-16.4853338,-68.2253324,-4.7878184,2.807286,-1,0,0.0,el_alto
1132,2503792891,2503793022,-16.4928163,-68.2469581,-16.4928168,-68.2464933,residential,49.5570068775172,-16.4928168,-68.2464933,-5.340121,3.8062563,-1,0,0.0,el_alto
1133,2467534116,2467534166,-16.6494684,-68.1777626,-16.6489982,-68.1777838,residential,52.33268602324647,-16.6489982,-68.1777838,-5.1380634,3.5139875,-1,0,0.0,el_alto
1134,2419627095,2419627201,-16.5371222,-68.2114077,-16.5374372,-68.2118315,residential,57.16333951847762,-16.5374372,-68.2118315,-5.060806,3.6147392,-1,0,0.0,el_alto
1135,5514768258,5514768255,-16.4685484,-68.2920448,-16.4683008,-68.2925483,residential,60.33750405580452,-16.4683008,-68.2925483,-4.445041,2.2021806,-1,0,0.0,el_alto
1136,2460228180,2460228320,-16.593805,-68.1797684,-16.5928714,-68.1785778,residential,163.93383542339,-16.5928714,-68.1785778,-5.2855396,3.0004554,-1,0,0.0,el_alto
1137,1356095607,1355627453,-16.5846025,-68.1780014,-16.5842257,-68.1782449,residential,49.28338876464728,-16.5842257,-68.1782449,-4.4619102,3.25628,-1,0,0.0,el_alto
1138,1944953062,2508479675,-16.4970277,-68.1904371,-16.4960442,-68.1901668,residential,113.0938303697784,-16.4960442,-68.1901668,-4.9260283,2.2098181,-1,0,0.0,el_alto
1139,2467368549,2467368627,-16.6264187,-68.1977452,-16.625588,-68.1982639,residential,107.64040296853332,-16.625588,-68.1982639,-4.9559,2.8213816,-1,0,0.0,el_alto
1140,577476967,577476959,-16.5431023,-68.1939915,-16.5440065,-68.1948069,residential,132.90241268149123,-16.5440065,-68.1948069,-4.988257,3.4448407,-1,0,0.0,el_alto
1141,577456571,577456573,-16.5440813,-68.1883045,-16.5443992,-68.1879832,residential,49.218531333343606,-16.5443992,-68.1879832,-4.8840113,3.1184483,-1,0,0.0,el_alto
1142,2469037728,2469037950,-16.5917032,-68.2197349,-16.5911763,-68.2202511,residential,80.36564610827577,-16.5911763,-68.2202511,-5.0562487,2.9105244,-1,0,0.0,el_alto
1143,10270291838,10270291811,-16.6149191,-68.158038,-16.6153235,-68.1577021,residential,57.472157019561024,-16.6153235,-68.1577021,-4.7278423,3.2854443,-1,0,0.0,el_alto
1144,412495903,568064715,-16.5181909,-68.1581613,-16.5186057,-68.1578895,residential,54.46995660845362,-16.5186057,-68.1578895,-5.1516767,2.6334126,-1,0,0.0,el_alto
1145,10270226406,10270226407,-16.6341463,-68.1705344,-16.633836,-68.1709293,residential,54.41217762002096,-16.633836,-68.1709293,-4.819978,2.5946457,-1,0,0.0,el_alto
1146,1786242046,1786242036,-16.4919886,-68.2247593,-16.4917162,-68.2240151,residential,84.93175203553785,-16.4917162,-68.2240151,-3.250566,4.0900307,-1,1,0.9491172372621408,el_alto
1147,2485420997,1786137735,-16.5451367,-68.2016355,-16.5452819,-68.2017682,residential,21.465059583994293,-16.5452819,-68.2017682,-5.5858197,3.0502722,-1,0,0.0,el_alto
1148,13063628426,13063628449,-16.5232078,-68.2480649,-16.5223572,-68.2480742,residential,94.58773405555476,-16.5223572,-68.2480742,-3.3477433,2.3425171,-1,0,0.0,el_alto
1149,10270226314,10270226309,-16.6067253,-68.1649529,-16.6074706,-68.1639486,residential,135.35236732717604,-16.6074706,-68.1639486,-4.5106263,2.2944307,-1,0,0.0,el_alto
1150,1786204420,1786204409,-16.5356962,-68.2002362,-16.5353987,-68.1999005,residential,48.73239887300255,-16.5353987,-68.1999005,-4.7357078,2.7920763,-1,0,0.0,el_alto
1151,6886226148,5327907480,-16.4639578,-68.1997418,-16.4645393,-68.1996989,residential,64.82156758290093,-16.4645393,-68.1996989,-4.9963665,3.4547281,-1,0,0.0,el_alto
1152,5130889532,13063628468,-16.528384,-68.2518121,-16.5230001,-68.2557383,residential,733.2966479497477,-16.5282066,-68.2520989,-4.702524,3.3884912,-1,0,0.0,el_alto
1153,5299446248,2507084924,-16.4725085,-68.2396688,-16.4721653,-68.2402375,residential,71.64988379171973,-16.4721653,-68.2402375,-4.729937,3.121703,-1,0,0.0,el_alto
1154,1502872639,1502872638,-16.4876679,-68.2398139,-16.4876271,-68.2393567,residential,48.98023228916736,-16.4876469,-68.2395091,-3.5776193,2.2917483,-1,0,0.0,el_alto
1155,2465055529,5520960949,-16.6080142,-68.1906293,-16.6090855,-68.1905527,residential,119.40259771912496,-16.6090855,-68.1905527,-4.914176,2.417806,-1,0,0.0,el_alto
1156,2507173682,5361890690,-16.478476,-68.2418875,-16.4787087,-68.2419443,residential,26.57444845960536,-16.4787087,-68.2419443,-3.5350764,4.994367,-1,0,0.0,el_alto
1157,2426726111,2426726075,-16.5301489,-68.1881985,-16.5299252,-68.187992,residential,33.21589601359018,-16.5299252,-68.187992,-4.172118,2.0860577,-1,0,0.0,el_alto
1158,3118749467,3118749524,-16.6187578,-68.2006316,-16.6197048,-68.2022059,residential,198.05497015831,-16.6197048,-68.2022059,-4.410909,2.9226856,-1,0,0.0,el_alto
1159,10098918952,10098918955,-16.4958484,-68.279982,-16.4947567,-68.2813613,residential,192.3323772043028,-16.4948824,-68.2812996,-3.6932366,2.824342,-1,0,0.0,el_alto
1160,2488477027,2488477229,-16.5087238,-68.2217838,-16.5083195,-68.2214783,residential,55.51438580931053,-16.5083195,-68.2214783,-4.46532,2.3580565,-1,0,0.0,el_alto
1161,412330541,7877571530,-16.5104381,-68.1619918,-16.5101907,-68.1619119,residential,28.798277225365165,-16.5101907,-68.1619119,-4.215734,2.2597365,-1,0,0.0,el_alto
1162,10090532789,10090532787,-16.4673029,-68.2225745,-16.4680732,-68.2230753,residential,100.93726812601436,-16.4680732,-68.2230753,-4.037248,2.3877757,-1,0,0.0,el_alto
1163,2508528163,1944971081,-16.5003258,-68.1931692,-16.5007686,-68.1928611,residential,59.188779467494456,-16.5007686,-68.1928611,-4.2618213,3.081804,-1,0,0.0,el_alto
1164,2500786923,1505207435,-16.5018581,-68.2424087,-16.5020146,-68.2423564,residential,18.27353369290503,-16.5020146,-68.2423564,-3.6096392,4.9209166,-1,0,0.0,el_alto
1165,8982682396,2467368516,-16.6248854,-68.1971346,-16.6246209,-68.1966766,residential,56.97639888743732,-16.6246209,-68.1966766,-4.573567,2.832363,-1,0,0.0,el_alto
1166,10270226368,5522569536,-16.6148082,-68.1632786,-16.6146812,-68.1631591,residential,19.24275007346925,-16.614715,-68.1631762,-4.5302796,2.524132,-1,0,0.0,el_alto
1167,2506789560,2506789643,-16.4585768,-68.2496654,-16.4582271,-68.2501459,residential,64.32399113309022,-16.4583222,-68.2500152,-4.110759,4.358206,-1,0,0.0,el_alto
1168,9260446024,2871641883,-16.5977359,-68.1672543,-16.5983296,-68.1672685,residential,66.07216320383898,-16.5978813,-68.1672487,-4.2442517,2.5642128,-1,0,0.0,el_alto
1169,2465055663,2465055528,-16.6093126,-68.1916601,-16.6098736,-68.1916183,residential,62.53925016108968,-16.6098736,-68.1916183,-4.842246,3.131001,-1,0,0.0,el_alto
1170,2489038773,2489038739,-16.5173778,-68.2769635,-16.5179153,-68.2765706,residential,72.98316301794914,-16.5179153,-68.2765706,-3.5389087,2.51135,-1,0,0.0,el_alto
1171,2466336511,2466336532,-16.6030465,-68.2099016,-16.6027933,-68.2094906,residential,52.06490080596672,-16.6027933,-68.2094906,-4.5365705,2.8449636,-1,0,0.0,el_alto
1172,2504777536,2504777340,-16.478171,-68.2730873,-16.478046,-68.2739847,residential,96.69228020611324,-16.478046,-68.2739847,-3.7778404,2.7862332,-1,0,0.0,el_alto
1173,2488309075,2488308992,-16.5142394,-68.2475463,-16.5147007,-68.2475457,residential,51.29433200423696,-16.5147007,-68.2475457,-3.4985325,3.0703554,-1,0,0.0,el_alto
1174,5243027365,2466332422,-16.5987237,-68.2055149,-16.5984923,-68.2051018,residential,50.98893257797797,-16.5984923,-68.2051018,-3.2125902,2.7266767,-1,0,0.0,el_alto
1175,2465055583,2322548565,-16.6071687,-68.196668,-16.6068785,-68.1963184,residential,49.284973868204965,-16.6068785,-68.1963184,-3.8699927,5.0126677,-1,0,0.0,el_alto
1176,5425586493,8976551023,-16.5428722,-68.167813,-16.5440053,-68.1659451,residential,238.4001691678228,-16.5439604,-68.1659482,-4.4940677,3.0167212,-1,0,0.0,el_alto
1177,1358949237,10103590426,-16.5088445,-68.2419905,-16.5088477,-68.2423257,residential,35.737833434943305,-16.5088477,-68.2423257,-3.46838,4.6501536,-1,0,0.0,el_alto
1178,10313395847,10313395844,-16.4983117,-68.2782361,-16.499276,-68.2788669,residential,126.5715866307895,-16.499276,-68.2788669,-5.90067,5.0705233,-1,0,0.0,el_alto
1179,2471097836,2471097620,-16.5583224,-68.2388949,-16.5590487,-68.2380608,residential,120.1074455478969,-16.5590487,-68.2380608,-4.1002164,2.531425,-1,0,0.0,el_alto
1180,5514789563,5514789569,-16.4604578,-68.2899012,-16.4609194,-68.2901552,residential,58.03600247593948,-16.4609194,-68.2901552,-4.05789,4.947416,-1,0,0.0,el_alto
1181,1358843343,1358843375,-16.4719951,-68.1958401,-16.4716216,-68.1965546,residential,86.77271635967197,-16.4716216,-68.1965546,-3.415639,2.9629827,-1,0,0.0,el_alto
1182,2505567708,2505567736,-16.4678875,-68.2778097,-16.4679905,-68.2772492,residential,60.85564455113618,-16.4679905,-68.2772492,-4.1893287,2.5480826,-1,0,0.0,el_alto
1183,5149969317,5149969316,-16.5195117,-68.1542281,-16.5196538,-68.1538765,residential,40.67673118946429,-16.5196538,-68.1538765,-4.001677,2.6246321,-1,0,0.0,el_alto
1184,1361163647,2867953917,-16.4598141,-68.1746098,-16.4594546,-68.1750074,residential,58.27244745285185,-16.4594546,-68.1750074,-3.3874393,2.5026815,-1,0,0.0,el_alto
1185,582435194,582435174,-16.5551753,-68.1892415,-16.5548234,-68.1896165,residential,55.93471989893812,-16.5548234,-68.1896165,-2.485317,3.571186,-1,0,0.0,el_alto
1186,5294205976,5294205978,-16.5624532,-68.2314985,-16.5619823,-68.2314857,residential,52.37953409560518,-16.5619823,-68.2314857,-3.7896812,4.43253,-1,0,0.0,el_alto
1187,5504192508,2507950995,-16.4654726,-68.2247825,-16.4650766,-68.2245279,residential,51.73018976089125,-16.4650766,-68.2245279,-3.585377,2.5273383,-1,0,0.0,el_alto
1188,2135347148,2135347124,-16.5176607,-68.1764057,-16.5170653,-68.1770779,residential,97.56256941564456,-16.5170653,-68.1770779,-3.7127643,3.1903863,-1,0,0.0,el_alto
1189,8979497879,8979506719,-16.4982205,-68.2625651,-16.4987642,-68.2629356,residential,72.21767931933232,-16.4987642,-68.2629356,-3.76288,4.2092824,-1,0,0.0,el_alto
1190,1786283012,1786282974,-16.4608197,-68.1845893,-16.4604462,-68.185034,residential,63.03713584506128,-16.4604462,-68.185034,-4.266707,3.3450158,-1,0,0.0,el_alto
1191,2465142891,2465064678,-16.6148991,-68.1870027,-16.6148449,-68.1868087,residential,21.53183610473769,-16.6148449,-68.1868087,-2.4386308,4.547358,-1,0,0.0,el_alto
1192,10270291835,10270276397,-16.615459,-68.1585462,-16.6156583,-68.1583401,residential,31.19898714756972,-16.6156583,-68.1583401,-4.0920515,2.8806398,-1,0,0.0,el_alto
1193,5514750909,5514750916,-16.4670125,-68.2625923,-16.4670947,-68.2626847,residential,13.439698340759596,-16.4670947,-68.2626847,-4.316923,2.7636676,-1,0,0.0,el_alto
1194,1786188468,1786188497,-16.5297212,-68.2145479,-16.530137,-68.2142559,residential,55.73653618029561,-16.530137,-68.2142559,-3.1414075,3.202218,-1,0,0.0,el_alto
1195,8977342938,13391094333,-16.4609286,-68.2277157,-16.4607391,-68.2279527,residential,32.90496886648827,-16.4607391,-68.2279527,-3.4288337,2.9476864,-1,0,0.0,el_alto
1196,2471759204,2471759152,-16.5639033,-68.2366948,-16.5642456,-68.2370096,residential,50.7388505501812,-16.5642456,-68.2370096,-6.2792196,4.646718,-1,0,0.0,el_alto
1197,2458544901,2458544900,-16.5873648,-68.1808563,-16.5877,-68.1805958,residential,46.47485828923123,-16.5877,-68.1805958,-4.2391205,5.44545,-1,0,0.0,el_alto
1198,12417410501,2507945096,-16.4716142,-68.2261011,-16.4716134,-68.2259811,residential,12.884852900077306,-16.4716206,-68.2260445,-4.3846292,3.12738,-1,0,0.0,el_alto
1199,10103590397,2488309017,-16.5171009,-68.2513798,-16.517419,-68.2510507,residential,49.81987786479351,-16.517419,-68.2510507,-4.0406003,3.0161827,-1,0,0.0,el_alto
1200,2510510940,2510510907,-16.5373704,-68.2159996,-16.5382845,-68.2152445,residential,129.65349160157754,-16.5382845,-68.2152445,-3.8234172,4.506934,-1,0,0.0,el_alto
1201,2507173733,1786264956,-16.4765805,-68.2500184,-16.4768505,-68.2501518,residential,33.22185000322341,-16.4768505,-68.2501518,-3.2403834,3.0842268,-1,0,0.0,el_alto
1202,2870563318,2412261543,-16.5678041,-68.212942,-16.5679754,-68.2127529,residential,27.73083823799119,-16.5679754,-68.2127529,-3.7511313,3.4251597,-1,0,0.0,el_alto
1203,5299455724,2870492576,-16.5658205,-68.2338323,-16.5662132,-68.2336586,residential,47.4300240537644,-16.5659349,-68.23378,-4.099164,3.7651238,-1,0,0.0,el_alto
1204,1354183701,1354183737,-16.4697287,-68.2328513,-16.4693552,-68.2326183,residential,48.395767853230055,-16.4693552,-68.2326183,-3.418404,4.607362,-1,0,0.0,el_alto
1205,2505564482,2505564414,-16.4737013,-68.277441,-16.4733985,-68.2779238,residential,61.51406456156828,-16.4733985,-68.2779238,-3.9314506,3.7192624,-1,0,0.0,el_alto
1206,5517435717,8979358572,-16.4922494,-68.2538985,-16.4926049,-68.2541146,residential,45.75456008584073,-16.4926049,-68.2541146,-5.2410617,5.449048,-1,0,0.0,el_alto
1207,2460421404,5521327744,-16.597986,-68.1710257,-16.5989618,-68.1697104,residential,177.2684840711099,-16.598663,-68.1701306,-4.715926,5.6503835,-1,0,0.0,el_alto
1208,2412261620,2412261569,-16.5681277,-68.2026262,-16.5685591,-68.2030222,residential,63.89320004913989,-16.5685591,-68.2030222,-4.791611,5.1295624,-1,0,0.0,el_alto
1209,568059677,568059657,-16.521726,-68.1638778,-16.522546,-68.1644839,residential,111.76665457931917,-16.5224832,-68.1644319,-3.868986,3.8931203,-1,0,0.0,el_alto
1210,577477005,577476999,-16.5411254,-68.1927739,-16.5409706,-68.19295,residential,25.468438577289383,-16.5409706,-68.19295,-3.925948,2.636115,-1,0,0.0,el_alto
1211,2469781145,2469781153,-16.570493,-68.2069632,-16.5700791,-68.2065905,residential,60.79440713002682,-16.5700791,-68.2065905,-5.2253475,5.2445526,-1,0,0.0,el_alto
1212,2504640275,2504640244,-16.494495,-68.2343835,-16.4947239,-68.2346517,residential,38.28209870607105,-16.4947239,-68.2346517,-4.0410123,4.705759,-1,0,0.0,el_alto
1213,10103590461,8982443043,-16.5117742,-68.2577499,-16.5117775,-68.2570513,residential,74.47833393913231,-16.5117775,-68.2570513,-4.037066,3.1465325,-1,0,0.0,el_alto
1214,5517435786,5517435785,-16.492955,-68.2705365,-16.4934106,-68.2705402,residential,50.66201608148535,-16.4934106,-68.2705402,-4.317068,3.1362202,-1,0,0.0,el_alto
1215,2504644066,5504039363,-16.4838784,-68.2405766,-16.4830773,-68.2405231,residential,89.32543458134803,-16.4831767,-68.2405401,-5.097963,4.895137,-1,0,0.0,el_alto
1216,5514750922,5514750923,-16.4671852,-68.2635874,-16.4668462,-68.2644726,residential,101.64096361855582,-16.4668462,-68.2644726,-6.4507933,4.0873914,-1,0,0.0,el_alto
1217,2488575233,1497079158,-16.501959,-68.2112882,-16.5022346,-68.2109127,residential,50.41676993710739,-16.5022346,-68.2109127,-4.345554,3.6077633,-1,0,0.0,el_alto
1218,5504039330,1786241901,-16.4861313,-68.2270731,-16.4866843,-68.2272018,residential,63.00344490070863,-16.4866843,-68.2272018,-4.5507646,5.0119066,-1,0,0.0,el_alto
1219,8579576409,8579576411,-16.5327176,-68.2465634,-16.5331805,-68.2469188,residential,63.91128185366859,-16.5331805,-68.2469188,-6.382748,3.395403,-1,0,0.0,el_alto
1220,1944971071,2508528187,-16.4985019,-68.1900144,-16.4978159,-68.1890836,tertiary,127.4474701770584,-16.498302,-68.1895725,-3.5633507,4.5115767,-1,0,0.16663130323049505,el_alto
1221,1786174744,1292304326,-16.5248241,-68.2122865,-16.52528,-68.2117611,tertiary,75.54370779275618,-16.52528,-68.2117611,-2.9778624,4.056002,-1,1,1.2815464359913649,el_alto
1222,8977004538,8977004521,-16.4767099,-68.1827663,-16.4757696,-68.1838262,tertiary,153.96355301712046,-16.4757696,-68.1838262,-3.1766965,4.458823,-1,0,0.3596767951419068,el_alto
1223,5504283736,1427791043,-16.4831477,-68.2388228,-16.4821744,-68.237935,tertiary,143.78573401341373,-16.4824388,-68.2381801,-4.0301523,3.348331,-1,0,0.0,el_alto
1224,2510182738,2510182813,-16.4805372,-68.1926402,-16.4804228,-68.1927368,tertiary,16.36794765320471,-16.4804228,-68.1927368,-3.8009787,3.612118,-1,0,0.0,el_alto
1225,472490661,1880005676,-16.5190292,-68.2077191,-16.5189409,-68.2076402,tertiary,12.928704164196173,-16.5189409,-68.2076402,-3.1413288,3.8180606,-1,0,0.785257783476523,el_alto
1226,1349243264,5503805141,-16.4878439,-68.2149742,-16.4883168,-68.2150726,tertiary,53.62059673621786,-16.4883168,-68.2150726,-2.7778661,4.503683,-1,0,0.3526699596226561,el_alto
1227,2500332156,10098918966,-16.4909015,-68.2803143,-16.4910083,-68.2800298,tertiary,32.5754960827313,-16.4910083,-68.2800298,-4.042777,3.4294856,-1,0,0.0,el_alto
1228,412048640,414337805,-16.4867614,-68.1794451,-16.4867518,-68.1793398,tertiary,11.278069414253702,-16.4867518,-68.1793398,-3.0917234,2.630474,-1,0,0.0,el_alto
1229,13340684365,5521327658,-16.5888804,-68.1724851,-16.5888024,-68.172339,tertiary,19.148942567446117,-16.5888659,-68.1723978,-3.747299,4.460649,-1,0,0.0,el_alto
1230,2135008868,2135008867,-16.5265149,-68.1911946,-16.5262326,-68.1907614,tertiary,55.838394452644025,-16.5262326,-68.1907614,-4.0911565,3.5907362,-1,0,0.025677156059416277,el_alto
1231,2322548062,2322548105,-16.598461,-68.1845398,-16.5989646,-68.1850858,tertiary,80.75251888358169,-16.5989646,-68.1850858,-3.968423,4.115684,-1,0,0.0,el_alto
1232,1786137643,1786137639,-16.5445711,-68.2044853,-16.544489,-68.2045532,tertiary,11.650023441213945,-16.544489,-68.2045532,-3.694844,2.7581604,-1,0,0.0,el_alto
1233,4351334655,4351334664,-16.5035293,-68.1684516,-16.5031176,-68.1690274,tertiary,76.99306820975164,-16.50317,-68.1689887,-2.9708042,4.004463,-1,1,1.8399467379002823,el_alto
1234,2508539574,1332084895,-16.4862246,-68.2010687,-16.4862058,-68.2014916,tertiary,45.13965306181643,-16.4862155,-68.2012823,-2.7391355,4.000795,-1,0,0.3509733203339196,el_alto
1235,2488575263,2488527177,-16.495464,-68.2195723,-16.4956339,-68.2195007,tertiary,20.376102207452544,-16.4956339,-68.2195007,-3.2239826,4.1144834,-1,0,0.3631953751296201,el_alto
1236,2460638156,2460638151,-16.6106124,-68.1622705,-16.6097236,-68.1616277,tertiary,120.24468393248156,-16.6097236,-68.1616277,-3.3846655,3.1897397,-1,0,0.0,el_alto
1237,566531398,4389821584,-16.5165974,-68.1534264,-16.5169073,-68.152638,tertiary,90.83861163448378,-16.5168777,-68.1527128,-3.219002,4.3078947,-1,0,0.08287203298241533,el_alto
1238,10107517382,8992865261,-16.592158,-68.1956399,-16.5920848,-68.195591,tertiary,9.664678943830472,-16.5920848,-68.195591,-4.982233,3.0605738,-1,0,0.0,el_alto
1239,2510239824,4375659804,-16.4807031,-68.1770888,-16.4802144,-68.1768206,tertiary,61.40646906670944,-16.4802144,-68.1768206,-3.6680026,3.0407023,-1,0,0.0,el_alto
1240,1786174893,2425315834,-16.5301806,-68.2099785,-16.5306068,-68.2108321,primary,102.59479008623008,-16.5306068,-68.2108321,-3.4552627,4.052347,-1,0,0.06486906367998853,el_alto
1241,2425395776,2425395914,-16.5283631,-68.1972912,-16.5286729,-68.1969653,primary,48.92464738561169,-16.52843,-68.1972209,-4.1473103,3.6079326,-1,0,0.0,el_alto
1242,413326600,413327007,-16.4895944,-68.1925289,-16.4891902,-68.1924091,primary,46.72488648157998,-16.4891902,-68.1924091,-2.740014,4.2566476,-1,1,0.9616179888499558,el_alto
1243,412285397,1906157199,-16.4867784,-68.1703988,-16.4882983,-68.1709641,secondary,195.7921570339865,-16.4876689,-68.1704831,-2.823568,4.3585596,-1,1,1.3891497122590861,el_alto
1244,2508887482,1427815315,-16.477634,-68.2052025,-16.4781349,-68.2041646,secondary,123.8949064618076,-16.4781349,-68.2041646,-2.935637,4.1783285,-1,1,0.7956706018659654,el_alto
1245,4392215343,413325155,-16.4921045,-68.1834433,-16.4916794,-68.1849819,secondary,170.72069198546072,-16.4918109,-68.1845061,-2.7085583,4.306874,-1,0,0.2861277934583202,el_alto
1246,8960120680,8960120550,-16.6287014,-68.1556891,-16.6289553,-68.1563836,unclassified,79.19835926144488,-16.6289553,-68.1563836,-3.6578355,3.6602845,-1,0,0.0,el_alto
1247,11067612544,11067612545,-16.5146306,-68.2797484,-16.5144292,-68.2798366,unclassified,24.28858395426484,-16.5144292,-68.2798366,-3.8073437,3.9167926,-1,0,0.0,el_alto
1248,1184114818,3731949130,-16.6340664,-68.1813975,-16.6297297,-68.1817074,trunk,483.3487623118404,-16.6297297,-68.1817074,-2.7823482,4.217381,-1,1,0.7309800556318058,el_alto
1249,1899616522,1899616523,-16.5550683,-68.180059,-16.5550869,-68.1799891,trunk,7.732080708262371,-16.5550869,-68.1799891,-3.2801175,3.5126996,-1,0,0.030241954471377078,el_alto
